<UIApplication class="com.ebsolutions.itemrevbrowser.IRBApplication"
             nameRef="Item Revision Browser"
             image="/com/ebsolutions/uimanager/modules/images/search.png"
             sizex="1280" sizey="800"
			 lang="">

  <!-- IRB MODULE -->
  <Module nameRef="IRB Module"
      name="item_rev_browser_module"
      moduleHandler="com.ebsolutions.uimanager.handlers.SaveModuleHandler"
      image="/com/ebsolutions/uimanager/modules/images/save.png"
      class="com.ebsolutions.itemrevbrowser.IRBModule">

      <!-- Columns definition -->
      <Column name="TC Item item_id" display="ID" width="100"/>
      <Column name="TC ItemRev item_revision_id" display="Revision" width="35"/>
      <Column name="TC ItemRev object_name" display="Number *" width="150"/>
      <Column name="TC ItemRev object_desc" display="German Description *" width="120"/>
      <Column name="TC Item object_type" display="Item Type" width="100"/>
      <Column name="TC ItemRev last_mod_date" display="Last Mod Date" width="100"/>
  
  </Module>
</UIApplication>
