<?xml version="1.0" encoding="ISO-8859-1"?>
<!--=================================================================================================

                                             HEADER

====================================================================================================
File description:

            Filename: sprdshteditor.xml

            Teamcenter Manager for CATIA V5 import spreadsheet editor customization XML File.
====================================================================================================
Quick help:

==================================================================================================-->
<UIApplication class="com.ebsolutions.sprdshteditor.SprdshtEditorApplication"
             nameRef="Teamcenter Spreadsheet Editor"
             image="/com/ebsolutions/uimanager/modules/images/sprdshteditor.png"
             sizex="1000" sizey="600" lang="">

  <!-- Global Options Status -->
  <SaveManagerToolBar nameRef="STATES" identifier="states"
      class="com.ebsolutions.uiapplication.ui.UIApplicationToolBar">
    <DisplayElement
        showTitle="false"
        image="/com/ebsolutions/uimanager/modules/images/createjt.png"
        identifier="create_jt_flag"
        class="com.ebsolutions.uimanager.modules.SaveModuleToolBarCheckBox"
        action="com.ebsolutions.uimanager.actions.CreateJTAction"/>
    <DisplayElement
        showTitle="false"
        image="/com/ebsolutions/uimanager/modules/images/cptgeo.gif"
        identifier="compute_geo_flag"
        class="com.ebsolutions.uimanager.modules.SaveModuleToolBarCheckBox"
        action="com.ebsolutions.uimanager.actions.ComputeMassPropertiesAction"/>
    <DisplayElement
        showTitle="false"
        image="/com/ebsolutions/uimanager/modules/images/compgeomainbody_icon.png"
        identifier="main_body_geo_flag"
        class="com.ebsolutions.uimanager.modules.SaveModuleToolBarCheckBox"
        action="com.ebsolutions.uimanager.actions.ComputeMassPropertiesForMainBodyAction"/>
    <DisplayElement
        showTitle="false"
        image="/com/ebsolutions/uimanager/modules/images/checkin.png"
        identifier="check_in_flag"
        class="com.ebsolutions.uimanager.modules.SaveModuleToolBarCheckBox"
        action="com.ebsolutions.uimanager.actions.CheckOnSaveAction"/>
    <DisplayElement
        identifier="destination_folder"
        class="com.ebsolutions.uimanager.modules.SelectFolderComboBox"
        action="com.ebsolutions.uimanager.actions.SelectFolderAction"/>
  </SaveManagerToolBar>


  <!-- SAVE MODULE -->
  <Module nameRef="Save Module"
      name="save_module"
      moduleHandler="com.ebsolutions.uimanager.handlers.SaveModuleHandler"
      image="/com/ebsolutions/uimanager/modules/images/sprdshteditor.png"
      class="com.ebsolutions.uimanager.modules.SaveModule">

    <!-- Columns definition -->
    <Column name="status"/>
    <Column name="marked_to_delete"/>
    <Column name="CATIA OEM_filePath"/>
    <Column name="CATIA OEM_partNumber"/>
    <Column name="document_type"/>
    <Column name="TC Item item_id"/>
    <Column name="TC ItemRev item_revision_id"/>
    <Column name="co_status"/>
	

    <!-- EIS MODULE toolbar -->
    <ToolBar nameRef="SAVE_TOOL_BAR"
        identifier="saveModuleToolBar"
        class="com.ebsolutions.uimanager.modules.SaveModuleToolBar">
    <DisplayElement
          showTitle="false"
          identifier="Mark_to_delete"
          image="/com/ebsolutions/uimanager/modules/images/markToDelete.png"
          class="com.ebsolutions.uimanager.modules.SaveModuleToolBarButton"
          action="com.ebsolutions.uimanager.actions.MarkToDeleteAction"/>        
      <DisplayElement
          showTitle="false"
          identifier="unMark_to_delete"
          image="/com/ebsolutions/uimanager/modules/images/unmarkToDelete.png"
          class="com.ebsolutions.uimanager.modules.SaveModuleToolBarButton"
          action="com.ebsolutions.uimanager.actions.UnMarkToDeleteAction"/>
    </ToolBar>

    <!-- EIS MODULE database tools -->
    <ToolBar nameRef="ACTIONS" 
        identifier="actions"
        class="com.ebsolutions.uimanager.modules.SaveModuleToolBar">
      <DisplayElement
          showTitle="false"
          identifier="check_in"
          image="/com/ebsolutions/uimanager/modules/images/checkin.png"
          class="com.ebsolutions.uimanager.modules.SaveModuleToolBarButton"
          action="com.ebsolutions.uimanager.actions.CheckInAction"/>
      <DisplayElement
          showTitle="false"
          identifier="check_out"
          image="/com/ebsolutions/uimanager/modules/images/checkout.png"
          class="com.ebsolutions.uimanager.modules.SaveModuleToolBarButton"
          action="com.ebsolutions.uimanager.actions.CheckOutAction"/>
    </ToolBar>

	<!-- SAVE MODULE edition tools -->
    <ToolBar nameRef="TOOLS" 
        identifier="tools"
        class="com.ebsolutions.uimanager.modules.SaveModuleToolBar">
      <DisplayElement
          showTitle="false"
          identifier="reset"
          image="/com/ebsolutions/uimanager/modules/images/clear.gif"
          class="com.ebsolutions.uimanager.modules.SaveModuleToolBarButton"
          action="com.ebsolutions.uimanager.actions.EraseItemIDAction"/>
    </ToolBar>
  </Module>
</UIApplication>