<?xml version="1.0" encoding="ISO-8859-1"?>
<!--=================================================================================================

                                             HEADER

====================================================================================================
File description:

            Filename: statedetails.xml

            Teamcenter Manager for CATIA V5 state details manager  customization XML File.
====================================================================================================
Quick help:

==================================================================================================-->
<UIApplication class="com.ebsolutions.statedetails.StateDetailsApplication"
             nameRef="Status Window"
             image="/com/ebsolutions/uimanager/modules/images/statedetailsmanager.png"
             sizex="1280" sizey="800" lang="">


  <!-- DETAILS MODULE -->
  <Module nameRef="State Details Module"
      name="statedetails_module"
      moduleHandler="com.ebsolutions.uimanager.handlers.SaveModuleHandler"
      image="/com/ebsolutions/uimanager/modules/images/statedetailsmanager.png"
      class="com.ebsolutions.uimanager.modules.TClassStateDetailsModule">

    <!-- Columns definition -->
    <Column name="catia_status" display="State Catia" width="80"/>
    <Column name="TC Dst checked_out" display="DS CO" width="60"/>
    <Column name="TC Bvr checked_out" display="BOM CO" width="70"/>
    <Column name="document_type" display="DS" width="35"/>
    <Column name="TC Item item_id" display="ID" width="100"/>
    <Column name="TC ItemRev item_revision_id" display="Revision" width="35"/>
    <Column name="TC ItemRev object_name" display="Number *" width="150"/>
    <Column name="TC ItemRev object_desc" display="German Description *" width="120"/>
    <Column name="former_file_name" display="Filename" width="300"/>
    <Column name="TC Dst checked_out_user" display="DS CO By" width="80" />  
    <Column name="TC Bvr checked_out_user" display="BOM CO By" width="80" />
    <Column name="TC Dst is_modifiable" display="writeable DS" width="90"/>
    <Column name="TC Bvr is_modifiable" display="writeable BOM" width="100"/>
    <Column name="TC ItemRev release_status_list" display="Release Status" width="120"/>
    <Column name="tc_status" display="TC Status" width="70"/>
    <Column name="env" display="Catia Env" width="100"/>

    <!-- SAVE MODULE database tools -->
    <ToolBar nameRef="ACTIONS" 
        identifier="actions"
        class="com.ebsolutions.uimanager.modules.SaveModuleToolBar">
      <DisplayElement
          showTitle="false"
          identifier="check_in"
          image="/com/ebsolutions/uimanager/modules/images/checkin.png"
          class="com.ebsolutions.uimanager.modules.SaveModuleToolBarButton"
          action="com.ebsolutions.statedetails.actions.TClassCheckInActionForStatusWindow"/>
      <DisplayElement
          showTitle="false"
          identifier="check_out"
          image="/com/ebsolutions/uimanager/modules/images/checkout.png"
          class="com.ebsolutions.uimanager.modules.SaveModuleToolBarButton"
          action="com.ebsolutions.statedetails.actions.TClassCheckOutActionForStatusWindow"/>
    </ToolBar>

  </Module>
</UIApplication>