<?xml version="1.0" encoding="ISO-8859-1" ?>
<TCIC_VAR_ENV_FILE>
<TcIC_tmp_dir>
%WORK_DIR%\tmp
</TcIC_tmp_dir>
<TcIC_files_dir>
%WORK_DIR%\catuii
</TcIC_files_dir>
<TcIC_import_dir>
%WORK_DIR%\Import
</TcIC_import_dir>
<TcIC_import_data_path>
%WORK_DIR%\Import\Data.txt
</TcIC_import_data_path>
<TcIC_import_spreadsheet_path>
%WORK_DIR%\Import\SpreadSheet.txt
</TcIC_import_spreadsheet_path>
<TcIC_export_dir>
%WORK_DIR%\Export
</TcIC_export_dir>
<TcIC_export_spreadsheet_path>
%WORK_DIR%\Export\sprdsheet.txt
</TcIC_export_spreadsheet_path>
<TcIC_socket_port>
11400
</TcIC_socket_port>
<TcIC_java_home>
%JRE64_HOME%
</TcIC_java_home>
<TcIC_load_as_cgr_menu>
true
</TcIC_load_as_cgr_menu>
<TcIC_config_dir>
%USERPROFILE%
</TcIC_config_dir>
<TcIC_progress_socket_port>
11401
</TcIC_progress_socket_port>
<TcIC_doc_dir>
AAATcIC_doc_dirAAA
</TcIC_doc_dir>
<TcIC_reference_dir>
%WORK_DIR%\reference
</TcIC_reference_dir>
</TCIC_VAR_ENV_FILE>
