<report_config>
	<headerrow name="ctx_header">
		<attr text="Coordinationlist "/>
		<attr src="Z9_Conf_Ctx_Item" attr="userdata.z9_Baugruppentyp"/>
		<attr text=" - "/>
		<attr src="Z9_Conf_Ctx_ItemRevision" attr="userdata.z9_Parent_Cust_VersionID"/>
		<attr text=" D"/>
		<attr src="Z9_Conf_Ctx_ItemRevision" attr="userdata.z9_Parent_Version_Sequence"/>
		<attr text=" D"/>
		<attr src="Z9_Conf_Ctx_Item" attr="userdata.z9_Version_Sequence_To"/>
		<attr text="  issue "/>
		<attr src="Z9_Conf_Ctx_ItemRevision" attr="revision"/>
		<attr text=" "/>
		<attr src="Z9_Conf_Ctx_ItemRevision" attr="releaseStatusRefs" special="status(Z9_freigegeben)"/>
		<attr text=" "/>
		<attr src="Z9_Conf_Ctx_ItemRevision" attr="date_released + last_mod_date" special="relormoddate(Z9_freigegeben,true,true)"/>
	</headerrow>

	<!-- CL_SW_AIB 02_D1_D5_ISSUE0002.01_2017-11-29 -->
	<datasetname>
		<attr text="CL_"/>
		<attr src="Z9_Conf_Ctx_Item" attr="userdata.z9_Baugruppentyp"/>
		<attr text="_"/>
		<attr src="Z9_Conf_Ctx_ItemRevision" attr="userdata.z9_Parent_Cust_VersionID"/>
		<attr text="_D"/>
		<attr src="Z9_Conf_Ctx_ItemRevision" attr="userdata.z9_Parent_Version_Sequence"/>
		<attr text="_D"/>
		<attr src="Z9_Conf_Ctx_Item" attr="userdata.z9_Version_Sequence_To"/>
		<attr text="_ISSUE"/>
		<attr src="Z9_Conf_Ctx_ItemRevision" attr="revision"/>
		<attr src="Z9_Conf_Ctx_ItemRevision" attr="AssociatedDataSet" special="nextindex(Z9_freigegeben,IMAN_reference,MSExcelX)"/>
		<attr text="_"/>
		<attr src="PLMXML" attr="date"/>
	</datasetname>

	<excelrow name="cl_rows">
		<col src="Z9_CSS_CIRevision" attr="userdata.z9_Position"/>
		<col src="Z9_CSS_CIRevision" attr="userdata.z9_Frame"/>
		<col src="Z9_CSS_CIRevision" attr="userdata.z9_Assembly_Position"/>
		<col src="Z9_CSS_CIRevision" attr="userdata.z9_FIN"/>
		<col src="Z9_TSS_Teil,Z9_TSS_Norm" attr="userdata.Z9_Desc_en"/>
		<col src="Z9_TSS_Teil,Z9_TSS_Norm" attr="name" special="substring(1,5)"/>
		<col src="Z9_TSS_Teil,Z9_TSS_Norm" attr="name" special="substring(6,4)"/>
		<col src="Z9_TSS_Teil,Z9_TSS_Norm" attr="name" special="substring(10,3)"/>
		<col src="Z9_TSS_Teil,Z9_TSS_Norm" attr="name" special="substring(13,3)"/>
		<col src="Occurrence" attr="userdata.Z9_Conf_Usage"/>
		<col src="Z9_MSS_KTSSRevision" attr="name" special="substring(1,6)"/>
		<col src="Z9_MSS_KTSSRevision" attr="name" special="substring(7,8)"/>
		<col src="Z9_MSS_KTSSRevision" attr="name" special="substring(15,30)"/>
		<col src="Occurrence" attr="userdata.Quantity" special="formatQty('#')"/>
		<col src="Occurrence" attr="userdata.Z9_Bemerkungen_BOM"/>
		<col src="Z9_CSS_LORevision" attr="id" special="subticols"/>
	</excelrow>

	<excelrow name="ror_rows">
		<col src="Z9_Conf_Ctx_ItemRevision" attr="emptycol"/>
		<col src="Z9_Conf_Ctx_ItemRevision" attr="revision" special="issue(Z9_freigegeben)"/>
		<col src="Z9_Conf_Ctx_ItemRevision" attr="userdata.Z9_Aenderungsinfo_lang"/>
		<col src="Z9_Conf_Ctx_ItemRevision" attr="date_released + last_mod_date" special="relormoddate(Z9_freigegeben,false,false)"/>
	</excelrow>

	<!-- per Assembly Type -->
	<subticols name="SW" skipcols="15" rowsbetween="0" lov="Z9_Sub_SW_Ref_Designator"/>
	<subticols name="CEI" skipcols="15" rowsbetween="0" lov="Z9_Sub_CEI_Ref_Designator"/><!-- 140 entries -->
	<subticols name="DDF" skipcols="15" rowsbetween="0" lov="Z9_Sub_DDF_Ref_Designator"/>
	<subticols name="EA" skipcols="15" rowsbetween="0" lov="Z9_Sub_EA_Ref_Designator"/>
	<subticols name="OHSC" skipcols="15" rowsbetween="0" lov="Z9_Sub_OHSC_Ref_Designator"/>
	<subticols name="PSC" skipcols="15" rowsbetween="0">
		<col refdesignator="Part NR Complete"/>
		<col refdesignator="EQT DS Complete"/>
	</subticols>
	<subticols name="CCRC" skipcols="15" rowsbetween="0"/><!-- Cabin Crew Rest Compartment -->
	<subticols name="FCRC" skipcols="15" rowsbetween="0"/><!-- Flight Crew Rest Compartment -->
	<subticols name="UDCRC" skipcols="15" rowsbetween="0"/><!-- Upper Deck Crew Rest Compartment -->
	<subticols name="LDCRC" skipcols="15" rowsbetween="0"/><!-- Lower Deck Crew Rest Compartment -->
	<subticols name="DADO" skipcols="15" rowsbetween="0"/><!-- Dado -->
	<subticols name="HAT" skipcols="15" rowsbetween="0"/><!-- Hatrack -->
	<subticols name="PDM" skipcols="15" rowsbetween="0"/><!-- PDM -->
	<subticols name="BC" skipcols="15" rowsbetween="0"/><!-- Baggage Compartment -->
	<subticols name="STH" skipcols="15" rowsbetween="0"/><!-- Stairhouse -->
	<subticols name="DUCT" skipcols="15" rowsbetween="0"/><!-- Airduct -->
	<subticols name="PART" skipcols="15" rowsbetween="0"/><!-- Partitions -->
	<subticols name="ANCP" skipcols="15" rowsbetween="0"/><!-- Ancillary Parts -->
	<subticols name="STOW" skipcols="15" rowsbetween="0"/><!-- Stowage -->
	<subticols name="DOGH" skipcols="15" rowsbetween="0"/><!-- Dog Houses -->
	<subticols name="CURT" skipcols="15" rowsbetween="0"/><!-- Curtain Systems -->
</report_config>
