<?xml version="1.0" encoding="UTF-8"?>
<!--
-->
<project name="convert" default="convert" basedir=".">
	<property environment="env"/>
	<import file="cr_helper.xml" optional="true"/>

	<taskdef name="WriteExcelX" classname="com.tcpb.rac.plmxml_tools.common.XmlWriteToExcelXPOI"/>
	<taskdef name="XLSXExport" classname="com.tcpb.rac.plmxml_tools.common.XLSXExport"/>

	<!--default convert, export will be triggered automatically here-->
	<target name="convert" depends="init">
		<property name="saxon.jar" value="${CR_MODULE_HOME}/lib/saxon9he.jar"/>

		<!--Property Defintion-->
		<property name="iid" value="CCI00000001"/>
		<property name="irv" value="0002"/>
		<property name="xsltdir" value="${CR_MODULE_HOME}/logic/stylesheets"/>
		<property name="excel.ext" value=".xlsm"/>
		<property name="template.file" value="${xsltdir}/CLtemplate.xlsm"/>
		<property name="config.file" value="${xsltdir}/cl_config.xml"/>
		<property name="lov.file" value="${CR_MODULE_HOME}/logic/stylesheets/Z9_DAc_LOV_values.xml"/>
		<property name="plmxml.file" value="${resultdir}/${iid}_${irv}.xml"/>
		<property name="data.file" value="${resultdir}/${iid}_${irv}_CL.xml"/>
		<property name="output.file" value="${resultdir}/${iid}_${irv}_CL.xlsm"/>
		<property name="antprops.file" value="${resultdir}/antprops.properties"/>
		<property name="diff.cl" value="${resultdir}/${iid}_${irv}_DIFF.xml"/>
		<property name="diff.ror" value="${resultdir}/${iid}_${irv}_ROR_DIFF.xml"/>
		<property name="startrow" value="0"/>
		<property name="startcol" value="0"/>
		<property name="xml.file" value="${resultdir}/cl_output.xml"/>
		<property name="xml.file2" value="${resultdir}/ror_output.xml"/>
		
		<!-- Export PLMXML using Z9_CL -->
		<ExportPLMXML login="${tc.login}" object='-item="${iid}" -rev="${irv}"' options='-export_bom=yes -rev_rule="Latest Working"'
				transfermode="Z9_CL" output="${plmxml.file}"/>

		<!-- extract and read old excel file name (OLDEXCEL) as well as assembly type (ASSYTYPE),
			 dataset name (DATASETNAME) and file name (FILENAME) and printtocol (PRINTTOCOL) -->
		<echo message='xslt classpath="${saxon.jar}" in="${plmxml.file}" out="${antprops.file}" style="${xsltdir}/plmxml2antprops.xsl"'/>
		<xslt classpath="${saxon.jar}" in="${plmxml.file}" out="${antprops.file}" style="${xsltdir}/plmxml2antprops.xsl">
		  <factory name="net.sf.saxon.TransformerFactoryImpl"/>
		  <param name="basedir" expression="${resultdir}"/>
		  <param name="report_configfile" expression="${config.file}"/>
		  <param name="lov_xmlfile" expression="${lov.file}"/>
		  <param name="excel_extension" expression="${excel.ext}"/>
		</xslt>
		<property file="${antprops.file}"/>

		<!-- create data for new report -->
		<echo message='xslt classpath="${saxon.jar}" in="${plmxml.file}" out="${data.file}" style="${xsltdir}/Z9_CL_REPORT.xsl"'/>
		<xslt classpath="${saxon.jar}" in="${plmxml.file}" out="${data.file}" style="${xsltdir}/Z9_CL_REPORT.xsl">
		  <factory name="net.sf.saxon.TransformerFactoryImpl"/>
		  <param name="report_configfile" expression="${config.file}"/>
		  <param name="lov_xmlfile" expression="${lov.file}"/>
		</xslt>

		<!-- Data into Excel (XLSX/XLSM) -->
		<echo message='WriteExcelX xmlfile="${data.file}" excelfile="${resultdir}/${FILENAME}" exceltemplate="${template.file}" startcol="${startcol}" startrow="${startrow}" printtocol="${PRINTTOCOL}"'/>
		<WriteExcelX xmlfile="${data.file}" excelfile="${resultdir}/${FILENAME}" exceltemplate="${template.file}" startcol="${startcol}" startrow="${startrow}" printtocol="${PRINTTOCOL}"/>

		<!-- now extract XML from old excel (if any) -->
		<antcall target="extract_excel"/>

		<!-- now compare new data with old excel (if any) and update Excel report (XLSX/XLSM) with change markers-->
		<antcall target="compare_excel"/>

		<!-- since COTS dispatcher is very dataset-centric, we need to re-import the file ourselves -->
		<TCPBImportFile file="${resultdir}/${FILENAME}" login="${tc.login}" object="-item=&quot;${iid}&quot; -rev=&quot;${irv}&quot;" dsrel="IMAN_reference" 
				dsname="${DATASETNAME}" dstype="MSExcelX" dsnamedref="excel" options="${CR_IMP_OPTIONS}"/>
	</target>

	<target name="extract_excel" if="OLDEXCEL">
		<!-- now extract XML from old excel (if any) -->
		<echo message='XLSXExport outputfile="${xml.file}" excelfile="${OLDEXCEL}" sheetname="CL" mincols="0" startrow="0" ...'/>
		<XLSXExport outputfile="${xml.file}" excelfile="${OLDEXCEL}" sheetname="CL" mincols="0" startrow="0" 
				encoding="UTF-8" byteordermarker="true" dateformat="dd-MMM-yyyy" decimalformat="_AS_IS_" integerformat="_AS_IS_" locale="en_US" xmloutput="true"/>
		<echo message='XLSXExport outputfile="${xml.file2}" excelfile="${OLDEXCEL}" sheetname="Record of Revisions" mincols="0" startrow="5" ...'/>
		<XLSXExport outputfile="${xml.file2}" excelfile="${OLDEXCEL}" sheetname="Record of Revisions" mincols="0" startrow="5" 
				encoding="UTF-8" byteordermarker="true" dateformat="dd-MMM-yyyy" decimalformat="_AS_IS_" integerformat="_AS_IS_" locale="en_US" xmloutput="true"/>
	</target>

	<target name="compare_excel" if="OLDEXCEL">

		<!-- compare previous/current excel data into xxxx_DIFF.xml and xxxx_ROR_DIFF.xml -->
		<echo message='xslt classpath="${saxon.jar}" in="${data.file}" out="${diff.cl}" style="${xsltdir}/compareexceldata.xsl"'/>
		<echo message='    params: oldxml="${xml.file}" comparecols="15" startrow="5" '/>
		<xslt classpath="${saxon.jar}" in="${data.file}" out="${diff.cl}" style="${xsltdir}/compareexceldata.xsl">
		  <factory name="net.sf.saxon.TransformerFactoryImpl"/>
		  <param name="sheetname" expression="CL"/>
		  <param name="oldxml" expression="${xml.file}"/>
		  <param name="comparecols" expression="15"/>
		  <param name="startrow" expression="4"/>
		  <param name="startrowold" expression="4"/>
		  <param name="firstoutputrow" expression="4"/>
		  <param name="nonemptycol" expression="1"/>
		</xslt>
		<echo message='xslt classpath="${saxon.jar}" in="${data.file}" out="${diff.ror}" style="${xsltdir}/compareexceldata.xsl"'/>
		<echo message='    params: oldxml="${xml.file2}" comparecols="4" startrow="2" startrowold="1" firstoutputcol="5" firstoutputrow="6"'/>
		<xslt classpath="${saxon.jar}" in="${data.file}" out="${diff.ror}" style="${xsltdir}/compareexceldata.xsl">
		  <factory name="net.sf.saxon.TransformerFactoryImpl"/>
		  <!--<param name="sheetname" expression="Record of Revisions"/>-->
		  <param name="oldxml" expression="${xml.file2}"/>
		  <param name="comparecols" expression="4"/>
		  <param name="startrow" expression="2"/>
		  <param name="startrowold" expression="1"/>
		  <param name="firstoutputcol" expression="5"/>
		  <param name="firstoutputrow" expression="6"/>
		  <param name="nonemptycol" expression="2"/>
		</xslt>

		<!-- Differences into Excel (XLSX) -->
		<echo message='WriteExcelX xmlfile="${diff.cl}" excelfile="${resultdir}/DIFF-${FILENAME}" exceltemplate="${resultdir}/${FILENAME}" startcol="${startcol}" startrow="${startrow}" printtocol="${PRINTTOCOL}"'/>
		<WriteExcelX xmlfile="${diff.cl}" excelfile="${resultdir}/DIFF-${FILENAME}" exceltemplate="${resultdir}/${FILENAME}" startcol="${startcol}" startrow="${startrow}" printtocol="${PRINTTOCOL}"/>
		<echo message='WriteExcelX xmlfile="${diff.ror}" excelfile="${resultdir}/${FILENAME}" exceltemplate="${resultdir}/DIFF-${FILENAME}" startcol="${startcol}" startrow="${startrow}" printtocol="${PRINTTOCOL}"'/>
		<WriteExcelX xmlfile="${diff.ror}" excelfile="${resultdir}/${FILENAME}" exceltemplate="${resultdir}/DIFF-${FILENAME}" startcol="${startcol}" startrow="${startrow}" printtocol="${PRINTTOCOL}"/>
		<delete quiet="true" file="${resultdir}/DIFF-${FILENAME}"/>
	</target>

</project>

