<?xml version="1.0" encoding="UTF-8"?>

<!--
	Contains some standard helper functions for ANT/TEAMCENTER/PLMEASY:
		init
		read_properties
		debug
		SetDecision
		ExportPLMXML
		TCPBExportFile
		TCPBImportFile
-->
<project name="CR_Helper" default="init" basedir=".">

	<!-- handle all standard init tasks -->
	<target name="init" depends="read_central_properties,read_logic_properties,encrypt,decrypt,create_login_parameters">
		<property name="protocol.path" value="${CR_LOG_DIR}/${CR_PROTOCOL_FILE}"/>
		<tstamp>
			<format property="cur.datetime" pattern="yyyy-MM-dd HH:mm:ss"/>
		</tstamp>
		<tstamp>
			<format property="cur.timestamp" pattern="yyyyMMddHHmmss"/>
		</tstamp>
		<available file="${protocol.path}" property="cr_protocol_exists"/>
		<antcall target="init_protocol"/>
		<!-- set all input properties to empty, if not yet set -->
		<property name="src.iid" value=""/>
		<property name="src.irv" value=""/>
		<property name="src.rel" value=""/>
		<property name="src.typ" value=""/>
		<property name="src.obj" value=""/>
		<property name="src.bom_rev_name" value=""/>
		<property name="src.user" value=""/>
		<property name="src.mailto" value=""/>
		<property name="src.city" value=""/>
		<property name="src.jobtype" value=""/>
		<property name="src.jobowner_userid" value=""/>
		<property name="src.jobowner_person" value=""/>
		<property name="src.jobstatus" value=""/>
		<property name="src.status" value=""/>
		<property name="src.state" value=""/>
		<property name="src.releasedate" value=""/>
	</target>

	<!-- logic-specific properties are read first and not overwritten by central properties! -->
	<target name="read_properties">
		<available file="${logicdir}/${logic}.properties" property="logic_props"/>
		<available file="${configfile}" property="central_props"/>
	</target>

	<!-- only read if file exists -->
	<target name="read_logic_properties" depends="read_properties" if="logic_props">
		<property file="${logicdir}/${logic}.properties"/>
	</target>

	<!-- only read if file exists -->
	<target name="read_central_properties" depends="read_properties" if="central_props">
		<property file="${configfile}"/>
	</target>

	<!-- a wrapper for the debug -->
	<macrodef name="debug">
		<attribute name="message" default="${line.separator}"/>
		<sequential>
			<echo message="@{message}${line.separator}" level="debug"/>
		</sequential>
	</macrodef>

	<!-- initialize protocol -->
	<target name="init_protocol" unless="cr_protocol_exists">
		<echo file="${protocol.path}" append="true" message='"Date and Time";"Job";"Logic";"Object Type";"Item ID";"Revision ID";"Object Relation";"Object Name";"Status"'/>
	</target>

	<!-- simple encryption to avoid prying eyes -->
	<target name="encrypt" if="CR_TC_PASS">
		<Enc input="${CR_TC_PASS}" output="CR_TC_PASS2"/>
		<propertyfile file="${configfile}">
			<entry  key="CR_TC_PASS" operation="del"/>
			<entry  key="CR_TC_PASS2" value="${CR_TC_PASS2}"/>
		</propertyfile>
	</target>

	<scriptdef name="curtask" language="javascript">
		<attribute name="property" />
		<![CDATA[
		project.setProperty(attributes.get("property"), self.getOwningTarget());
		]]>
	</scriptdef>

	<scriptdef name="substring" language="javascript">
		<attribute name="text" />
		<attribute name="start" />
		<attribute name="end" />
		<attribute name="property" />
		<![CDATA[
		var text = attributes.get("text");
		var start = attributes.get("start");
		var end = attributes.get("end") || text.length();
		if ( text.length() > end )
		{
			text = text.substring(start, end);
		}

		project.setProperty(attributes.get("property"), text);
		]]>
	</scriptdef>

	<scriptdef name="updateProperty" language="javascript">
		<attribute name="property" />
		<attribute name="newvalue" />
		<![CDATA[
		project.setProperty(attributes.get("property"), attributes.get("newvalue"));
		]]>
	</scriptdef>

	<scriptdef name="replaceString" language="javascript">
		<attribute name="text" />
		<attribute name="replacefrom" />
		<attribute name="replaceto" />
		<attribute name="property" />
		<![CDATA[
		project.setProperty(attributes.get('property'), attributes.get('text').replace(attributes.get('replacefrom'), attributes.get('replaceto')));
		]]>
	</scriptdef>

	<scriptdef name="getStringPart" language="javascript">
		<attribute name="text"/>
		<attribute name="separator"/>
		<attribute name="index"/>
		<attribute name="property"/>
		<![CDATA[
		var output = "";
		if ( attributes.get('text').length() > 0 )
		{
			var i = parseInt(attributes.get('index'));
			var res = attributes.get('text').split(attributes.get("separator"));
			output = res[i];
		}
		project.setProperty(attributes.get('property'),output);
		]]>
	</scriptdef>

	<!-- if given a value, combine into a parameter -xx="<value>" -->
	<scriptdef name="combineToParameterIfSet" language="javascript">
		<attribute name="prefix"/>
		<attribute name="suffix"/>
		<attribute name="value"/>
		<attribute name="property"/>
		<![CDATA[
		var output = "";
		if ( attributes.get('value').length() > 0 )
		{
			output = attributes.get('prefix') + attributes.get('value') + attributes.get('suffix'); //with quotes
		}
		project.setProperty(attributes.get('property'),output);
		]]>
	</scriptdef>

	<!-- simple encryption to avoid prying eyes -->
	<scriptdef language="javascript" name="Enc">
		<attribute name="input"/>
		<attribute name="output"/>
		<![CDATA[
				// getting the value
				var my_str = attributes.get("input"); 
				var new_str = "";
				var x = project.getProperty("env.COMPUTERNAME").charCodeAt(0)- 60;
                for (var i = 0; i < my_str.length(); i++) 
				{
					var iCurChar = my_str.charCodeAt(i);
					if ( iCurChar >= 33 && iCurChar <= (126-x) )
					{
						iCurChar += x;
					} else if ( iCurChar > (126-x) && iCurChar <= 126 )
					{
						iCurChar = 33 + (iCurChar - (126-x) -1 );
					}
					new_str = String.fromCharCode(iCurChar) + new_str;
				}
				project.setProperty(attributes.get("output"), new_str)
		]]>
	</scriptdef>

	<!-- simple decryption to avoid prying eyes -->
	<target name="decrypt" if="CR_TC_PASS2">
		<Dec input="${CR_TC_PASS2}" output="CR_TC_PASS"/>
	</target>

	<!-- simple decryption to avoid prying eyes -->
	<scriptdef language="javascript" name="Dec">
		<attribute name="input"/>
		<attribute name="output"/>
		<![CDATA[
				// getting the value
				var my_str = attributes.get("input"); 
				var new_str = "";
				var x = project.getProperty("env.COMPUTERNAME").charCodeAt(0)- 60;
                for (var i = 0; i < my_str.length(); i++) 
				{
					var iCurChar = my_str.charCodeAt(i);
					if ( iCurChar >= 33 && iCurChar < (33 + x) )
					{
						iCurChar = ( (126 - x) + 1) + (iCurChar - 33);
					} else if ( iCurChar >= (33 + x) && iCurChar <= 126 )
					{
						iCurChar -= x;
					}
					new_str = String.fromCharCode(iCurChar) + new_str;
				}
				project.setProperty(attributes.get("output"), new_str)
		]]>
	</scriptdef>

	<scriptdef name="getFirstFileName" language="javascript">
		<attribute name="property"/>
		<element name="fileset" type="fileset"/>
		<![CDATA[
		try{
			load("nashorn:mozilla_compat.js");
		}catch(e){
		}
		importClass(java.io.File);
		filesets = elements.get("fileset");
		for (i = 0; i < filesets.size(); ++i) 
		{
			fileset = filesets.get(i);
			var filepath = fileset.getDir();
			scanner = fileset.getDirectoryScanner(project);
			scanner.scan();
			files = scanner.getIncludedFiles();
			if ( files.length > 0 )
			{
				project.setProperty(attributes.get('property'), files[0])
			}
		}
		]]>
	</scriptdef>

	<!-- Fill tc.login with -u= -p= [-g=] or empty string for auto-login -->
	<target name="create_login_parameters">
		<script language="javascript"> 
		<![CDATA[
			// Access to Ant-Properties by their names
		    var my_u = project.getProperty("CR_TC_USER");
		    var my_p = project.getProperty("CR_TC_PASS");
			var my_g = project.getProperty("CR_TC_GROUP");
			var my_pf = project.getProperty("CR_TC_PASSFILE");
			var my_login = "";
			
			if( my_u != null && my_p != null && my_u.length() > 0 && my_p.length() > 0 )
			{
				my_login = "-u=" + my_u + " -p=" + my_p;
			
				if ( my_g != null && my_g.length() > 0 )
				{
					my_login += " -g=" + my_g;
				}
			}
			
			project.setProperty("tc.login", my_login);
	    ]]>
		</script>
	</target>

	<macrodef name="editString"
				description="Edit a string using a regexp pattern and replacement, with optional flags, placing result in a property.">
		<attribute name="string" description="String being edited."/>
		<attribute name="dest" description="Name of the property receiving the edit result."/>
		<attribute name="pattern" description="Regexp pattern to be replaced."/>
		<attribute name="replace" description="Regexp replacement pattern."/>
		<attribute name="flags" description="Regexp replacement flags." default="-g"/>
		<sequential>
		  <local name="@{dest}_temp"/>
		  <loadresource property="@{dest}_temp">
			<string value="@{string}"/>
			<filterchain>
				<replaceregex pattern="@{pattern}" replace="@{replace}" flags="@{flags}"/>
				<striplinebreaks/>
			</filterchain>
		  </loadresource>
		  <updateProperty property="@{dest}" newvalue="${@{dest}_temp}"/>
		</sequential>
	</macrodef>

	<macrodef name="cleanFilename">
		<attribute name="filename"/>
		<attribute name="property"/>
		<sequential>
			<editString string="@{filename}" dest="@{property}" pattern='[ \\\\/:*?\"&lt;&gt;|]' replace="_" flags="g"/>
		</sequential>
	</macrodef>

	<macrodef name="countFiles">
		<attribute name="directory" default="."/>
		<attribute name="pattern" default="*.*"/>
		<attribute name="property" default="my_count"/>
		<sequential>
			<resourcecount property="@{property}">
				<fileset dir="@{directory}">
					<include name="@{pattern}"/>
				</fileset>
			</resourcecount>
		</sequential>
	</macrodef>

	<macrodef name="generateStampInfo">
		<attribute name="stampfile" default="${CR_STAMP_FILE}"/>
		<sequential>
			<delete quiet="true" file="@{stampfile}"/>
			<tstamp>
				<format property="stamp_date" pattern="dd.MM.yyyy HH:mm"/>
			</tstamp>
			<echo file="@{stampfile}" append="true" message='"ItemId" "${src.iid}"${line.separator}'/>
			<echo file="@{stampfile}" append="true" message='"RevisionId" "${src.irv}"${line.separator}'/>
			<echo file="@{stampfile}" append="true" message='"Relation" "${src.rel}"${line.separator}'/>
			<echo file="@{stampfile}" append="true" message='"Typ" "${src.typ}"${line.separator}'/>
			<echo file="@{stampfile}" append="true" message='"Object" "${src.obj}"${line.separator}'/>
			<echo file="@{stampfile}" append="true" message='"BOM" "${src.bom_rev_name}"${line.separator}'/>
			<echo file="@{stampfile}" append="true" message='"User" "${src.user}"${line.separator}'/>
			<echo file="@{stampfile}" append="true" message='"MailTo" "${src.mailto}"${line.separator}'/>
			<echo file="@{stampfile}" append="true" message='"City" "${src.city}"${line.separator}'/>
			<echo file="@{stampfile}" append="true" message='"JobType" "${src.jobtype}"${line.separator}'/>
			<echo file="@{stampfile}" append="true" message='"JobownerUserId" "${src.jobowner_userid}"${line.separator}'/>
			<echo file="@{stampfile}" append="true" message='"JobOwnerUser" "${src.jobowner_person}"${line.separator}'/>
			<echo file="@{stampfile}" append="true" message='"JobStatus" "${src.jobstatus}"${line.separator}'/>
			<echo file="@{stampfile}" append="true" message='"Status" "${src.status}"${line.separator}'/>
			<echo file="@{stampfile}" append="true" message='"State" "${src.state}"${line.separator}'/>
			<echo file="@{stampfile}" append="true" message='"ReleaseDate" "${src.releasedate}"${line.separator}'/>
			<echo file="@{stampfile}" append="true" message='"StampDate" "${stamp_date}"${line.separator}'/>
		</sequential>
	</macrodef>

	<!-- set decision -->
	<macrodef name="SetDecision">
		<attribute name="login" default=""/>
		<attribute name="prog" default="${CR_SD_PROG}"/>
		<attribute name="job" default='-uid=XXXXXXXXXXXXXX'/><!-- -j=jobtag.txt -->
		<attribute name="decision" default="approve"/>
		<attribute name="comment" default="processed successfully by dispatcher"/> 
		<attribute name="level" default='any'/>
		<sequential>
			<local name="sd_output"/>
			<echo message='@{prog} @{job} -d=@{decision} -c="@{comment}" -l="@{level}"${line.separator}'></echo>
			<exec executable="@{prog}" failonerror="true" outputproperty="sd_output">
				<env key="PATH" path="${env.TC_PATH}"/>
				<arg line='@{login} @{job} -d=@{decision} -c="@{comment}" -l="@{level}"' />
			</exec>
			<echo message="${sd_output}"/>
		</sequential>
	</macrodef>
	
	<!-- PLMXML Export -->
	<macrodef name="ExportPLMXML">
		<attribute name="login" default=""/>
		<attribute name="prog" default="${env.TC_BIN}/plmxml_export"/>
		<attribute name="output" default='"/tmp/4711_A.xml"'/>
		<attribute name="transfermode" default='"ConfiguredDataExportDefault"'/>
		<attribute name="object" default='-item="4711" -rev="A"'/> <!-- uid=xxx -->
		<attribute name="options" default=''/><!-- '-export_bom=yes -rev_rule="${rev_rule}"' -->
		<sequential>
			<delete file="@{output}" />
			<local name="plmxml_output"/>

			<echo message='@{prog} @{object} @{options} -transfermode="@{transfermode}" -xml_file="@{output}"${line.separator}'></echo>
			<exec executable="@{prog}" failonerror="true" outputproperty="plmxml_output">
				<env key="PATH" path="${env.TC_PATH}"/>
				<arg line='@{login} @{object} @{options} -transfermode="@{transfermode}" -xml_file="@{output}"' />
			</exec>
			<echo message="${plmxml_output}"/>
			
			<!-- Here only a test of copy if the file is there -->
			<copy file="@{output}" tofile="@{output}.tmp" />
			<!-- if no fail delete it -->
			<delete file="@{output}.tmp" />
		</sequential>
	</macrodef>
	
	<!-- TCPB Export File-->
	<macrodef name="TCPBExportFile">
		<attribute name="login" default=""/>
		<attribute name="prog" default="${CR_EXPORT_PROG}"/>
		<attribute name="file" default='/tmp/4711_A.txt'/>
		<attribute name="object" default='-item="4711" -rev="A"'/>
		<attribute name="dsrel" default='IMAN_specification'/>
		<attribute name="dsname" default='4711_A'/>
		<attribute name="dstype" default='Text'/>
		<attribute name="dsnamedref" default='Text'/>
		<attribute name="failonerror" default='true'/>
		<attribute name="options" default="-export=y -replace"/> <!-- [-replace] -export=(y|n)] [-v=] [-itemInf] -->
		<sequential>
			<local name="tcpbxf_output"/>
			<echo message='@{prog} ${line.separator} @{object} -f="@{file}" -rel="@{dsrel}" -d="@{dsname}" -type="@{dstype}" -ref="@{dsnamedref}" @{options}'></echo>
			<exec executable="@{prog}" failonerror="@{failonerror}" outputproperty="tcpbxf_output">
				<env key="PATH" path="${env.TC_PATH}"/>
				<arg line='@{login} @{object} -f="@{file}" -rel="@{dsrel}" -d="@{dsname}" -type="@{dstype}" -ref="@{dsnamedref}" @{options}' />
			</exec>
			<echo message="${tcpbxf_output}"/>
		</sequential>
	</macrodef>
	
	<!-- TCPB Import File-->
	<macrodef name="TCPBImportFile">
		<attribute name="login" default=""/>
		<attribute name="prog" default='${CR_IMPORT_PROG}'/>
		<attribute name="file" default='/tmp/4711_A.txt'/>
		<attribute name="object" default='-item="4711" -rev="A"'/>
		<attribute name="dsrel" default='IMAN_specification'/>
		<attribute name="dsname" default='4711_A'/>
		<attribute name="dstype" default='Text'/>
		<attribute name="dsnamedref" default='Text'/>
		<attribute name="de" default='c'/><!-- [n|r|a|c] -->
		<attribute name="failonerror" default='true'/>
		<attribute name="options" default="-owner=IREV -group=IREV -status=IREV"/> <!-- [-ref_item=] [-item_type=] [-name=] [-desc=] [-owner=] [-group=] [-status=] [-nobypass]-->
		<sequential>
			<local name="tcpbif_output"/>
			<echo message='@{prog} ${line.separator} @{object} -f="@{file}" -rel="@{dsrel}" -d="@{dsname}" -type="@{dstype}" -ref="@{dsnamedref}" -de=@{de} @{options}'></echo>
			<exec executable="@{prog}" failonerror="@{failonerror}" outputproperty="tcpbif_output">
				<env key="PATH" path="${env.TC_PATH}"/>
				<arg line='@{login} @{object} -f="@{file}" -rel="@{dsrel}" -d="@{dsname}" -type="@{dstype}" -ref="@{dsnamedref}" -de=@{de} @{options}' />
			</exec>
			<echo message="${tcpbif_output}"/>
		</sequential>
	</macrodef>
	
	<!-- TCVis -->
	<macrodef name="TcVisConvert">
		<attribute name="login" default=""/>
		<attribute name="prog1" default="${env.TCVIS_BIN_DIR}/nogui.exe"/>
		<attribute name="prog2" default="${env.TCVIS_BIN_DIR}/prepare.exe"/>
		<attribute name="inputfiles" default="/tmp/4711_A.cgm"/>
		<attribute name="outputfile" default="/tmp/4711_A.pdf"/>
		<attribute name="options" default="-pdf -combine -monocolor -noscale -density 300"/>
		<sequential>
			<local name="tcvis_output"/>
			<echo message="@{prog1} @{prog2} @{options} @{inputfiles} -out @{outputfile}"></echo>
			<exec executable="@{prog1}" failonerror="true" outputproperty="tcvis_output">
				<env key="PATH" path="${env.TCVIS_PATH}"/>
				<arg line="@{prog2} @{options} @{inputfiles} -out @{outputfile}" />
			</exec>
			<echo message="${tcvis_output}"/>
		</sequential>
	</macrodef>
</project>
