<?xml version="1.0" encoding="UTF-8"?>

<!--
	2D/3D conversions for NX
-->
<project name="nx2d3d" default="nx_2d3d" basedir=".">
	<!-- check input ENV variables and make dummy ANT properties which can be overwritten by caller -->
	<property environment="env"/>
	<property name="iid" value=""/>
	<property name="irv" value=""/>

	<import file="cr_helper.xml" optional="true"/>
	<import file="nx_helper.xml" optional="true"/>

	<!-- starting point: calls 2d and/or dxf and/or step as configured -->
	<target name="nx_2d3d" depends="nx_export,nx_dxf,step_export"/>

	<target name="2d3d_common">
		<!-- evaluate on/off switches -->
		<condition property="conv_condition">
			<and>
				<isset property="CR_CONV"/>
				<equals arg1="${CR_CONV}" arg2="on" casesensitive="false"/>
			</and>
		</condition>
		<condition property="stampinfo_condition">
			<and>
				<isset property="CR_STAMP_FILE"/>
				<isset property="CR_STAMP_INFO"/>
				<equals arg1="${CR_STAMP_INFO}" arg2="on" casesensitive="false"/>
			</and>
		</condition>
		<condition property="dxf_condition">
			<and>
				<isset property="CR_DXF"/>
				<equals arg1="${CR_DXF}" arg2="on" casesensitive="false"/>
			</and>
		</condition>
		<condition property="export_condition">
			<or>
				<not><isset property="CR_NX_EXPORT"/></not>
				<not><equals arg1="${CR_NX_EXPORT}" arg2="off" casesensitive="false"/></not>
			</or>
		</condition>
		<condition property="save_condition">
			<and>
				<isset property="CR_SAVE"/>
				<equals arg1="${CR_SAVE}" arg2="on" casesensitive="false"/>
			</and>
		</condition>
		<condition property="reimport_condition">
			<and>
				<isset property="CR_IMP"/>
				<equals arg1="${CR_IMP}" arg2="on" casesensitive="false"/>
			</and>
		</condition>
		<condition property="step_condition">
			<and>
				<isset property="CR_STEP"/>
				<equals arg1="${CR_STEP}" arg2="on" casesensitive="false"/>
			</and>
		</condition>
	</target>
	
	<target name="stampinfo" if="stampinfo_condition">
		<generateStampInfo stampfile="${CR_STAMP_FILE}"/>	
	</target>

	<target name="nx_export" depends="init,2d3d_common,stampinfo" if="export_condition">
		<local name="logic"/>
		<local name="sheetCount"/>
		<property name="sheetCount" value="0"/>
		
		<curtask property="logic"/>
		
		<!-- add entry to protocol file -->
		<echo file="${protocol.path}" append="true" message='${line.separator}"${cur.datetime}";"${taskid}";"${logic}";"${typ}";"${iid}";"${irv}";"${rel}";"${obj}";'/>
		<debug message="Processing ${iid}/${irv}${line.separator}"/>
		<debug message="NX 2D Conversions"/>

		<!-- remove existing results-files (pdf,tif) -->
		<delete quiet="true">
			<fileset dir="${resultdir}" includes="**/*${CR_CONV_EXT}"/>
		</delete>
		
		<!-- execute NX 2D export to CGM/HPGL -->
		<substring text="${CR_NX_EXPORT_TYPE}" start="0" end="1" property="what" />
		<echo message="CR_NX_EXPORT_TYPE=${CR_NX_EXPORT_TYPE}; what=${what}"/>

		<!-- execute NX 2D export to CGM/HPGL -->
		<TCPBNXExport outputdir="${resultdir}" outputprefix="${cur.timestamp}" ext="${CR_NX_EXPORT_EXT}" login="${tc.login}" 
			object='-pno="${src.iid}" -prev="${src.irv}"' dstype="${src.typ}" rel="IMAN_specification" dsname="${src.obj}" 
			what="${what}" sheet="${CR_NX_EXPORT_SHT_INCLUDE}" sheetnot="${CR_NX_EXPORT_SHT_EXCLUDE}" options="${CR_NX_EXPORT_OPTIONS}" 
			plotini="${CR_NX_EXPORT_INI_FILE}" countprop="sheetCount" lang="${CR_NX_EXPORT_LANGS}" revrule="${CR_NX_EXPORT_REV_RULE}"/>

		<!-- count sheets using dataset-count-prog (only if using mode=number AND CR_*_SYNTAX=4 !) -->
		<countDatasets login="${tc.login}" itemid="${src.iid}" revid="${src.irv}" type="UGPART" relation="IMAN_specification" 
			property="sheetCount" default="${sheetCount}"/><!-- maybe filter too? -->
		<echo message="sheetCount=${sheetCount}"/>

		<!-- now process/convert/save/re-import exported files -->
		<convertEachFile itemid="${src.iid}" revid="${src.irv}" dsname="${src.obj}" max="${sheetCount}" 
			dssyntax="${CR_DS_SYNTAX}" filesyntax="${CR_FILE_SYNTAX}" fileseparator="${CR_FILE_SEPARATOR}" dsseparator="${CR_DS_SEPARATOR}"
			dspattern="${CR_DS_NAME}" filepattern="${CR_FILE_NAME}" sheetmode="${CR_DS_SHEET_MODE}" langs="${CR_NX_EXPORT_LANGS}"
			fileprefix="${cur.timestamp}" fileext="${CR_NX_EXPORT_EXT}" dscustom="${CR_DS_CUST_TARGET}" filecustom="${CR_FILE_CUST_TARGET}">
			<fileset dir="${resultdir}">
				<include name="${cur.timestamp}*${CR_NX_EXPORT_EXT}"/>
			</fileset>
		</convertEachFile>

		<!-- complete protocol with success (Error lines will have NO status) -->
		<echo file="${protocol.path}" append="true" message='"SUCCESS"'/>
	</target>

	<target name="nx_dxf" depends="init,2d3d_common,stampinfo" if="dxf_condition">
		<local name="logic"/>
		<local name="sheetCount"/>
		<local name="sheetsList"/>
		<local name="filesList"/>
		<local name="obj.string"/>
		<property name="sheetCount" value="0"/>
		<property name="sheetsList" value=""/>
		<property name="filesList" value=""/>
		<property name="obj.string" value="@DB@${src.iid}@${src.irv}@specification@${src.obj}"/>

		<curtask property="logic"/>
		
		<!-- add entry to protocol file -->
		<echo file="${protocol.path}" append="true" message='${line.separator}"${cur.datetime}";"${taskid}";"${logic}";"${typ}";"${iid}";"${irv}";"${rel}";"${obj}";'/>
		<debug message="Processing ${iid}/${irv}${line.separator}"/>
		<debug message="NX DXF Conversions"/>

		<!-- remove existing part files (*.prt), log-files and results-files (.dxf/.dwg) -->
		<delete quiet="true">
			<fileset dir="${resultdir}" includes="**/*.prt"/>
			<fileset dir="${resultdir}" includes="**/*_ugto2d*.log"/>
			<fileset dir="${resultdir}" includes="**/*_dxfdwg*.log"/>
			<fileset dir="${resultdir}" includes="**/*${CR_DXF_EXT}"/>
		</delete>
		
		<!-- execute UGTO2D.exe to export flattened part file(s) (1 per sheet) -->
		<prepareObjectString item="${src.iid}" rev="${src.irv}" relation="${src.rel}" dsname="${src.obj}" dstype="${src.typ}" property="obj.string"/>
		<UGTo2D outputdir="${resultdir}" outputprefix="${cur.timestamp}" login="${tc.login}" 
			object='"${obj.string}"' options="${CR_DXF_UG2D_OPTIONS}"
			countprop="sheetCount"/>

		<!-- if single sheet, UgTo2d just names the output file <prefix>.prt: rename here to include a dummy sheet name -->
		<move todir="${resultdir}" includeemptydirs="false">
			<fileset dir="${resultdir}">
				<include name="${cur.timestamp}.prt"/>
			</fileset>
			<mapper type="glob" from="*.prt" to="*_${CR_DXF_DFLT_FIRST_SHT}_2d.prt"/>
		</move>

		<!-- count sheets using dataset-count-prog (only if using mode=number AND CR_*_SYNTAX=4 !) -->
		<countDatasets login="${tc.login}" itemid="${src.iid}" revid="${src.irv}" type="${src.typ}" relation="${src.rel}" 
			property="sheetCount" default="${sheetCount}"/><!-- maybe filter too? -->
		<echo message="sheetCount=${sheetCount}"/>

		<!-- now process/convert/save/re-import exported files -->
		<convertEachFile itemid="${src.iid}" revid="${src.irv}" dsname="${src.obj}" max="${sheetCount}" 
			dssyntax="${CR_DS_SYNTAX}" filesyntax="${CR_FILE_SYNTAX}" fileseparator="${CR_FILE_SEPARATOR}" dsseparator="${CR_DS_SEPARATOR}"
			dspattern="${CR_DS_NAME}" filepattern="${CR_FILE_NAME}" sheetmode="${CR_DS_SHEET_MODE}" langs="" multiconv="dxf"
			fileprefix="${cur.timestamp}" fileext=".prt" outputext="${CR_DXF_EXT}" dscustom="${CR_DS_CUST_TARGET}" filecustom="${CR_FILE_CUST_TARGET}">
			<fileset dir="${resultdir}">
				<include name="${cur.timestamp}*.prt"/>
			</fileset>
		</convertEachFile>

		<!-- complete protocol with success (Error lines will have NO status) -->
		<echo file="${protocol.path}" append="true" message='"SUCCESS"'/>
	</target>

	<target name="step_export" depends="init,2d3d_common,stampinfo" if="step_condition">
		<local name="logic"/>
		<curtask property="logic"/>

		<!-- add entry to protocol file -->
		<echo file="${protocol.path}" append="true" message='${line.separator}"${cur.datetime}";"${taskid}";"${logic}";"${typ}";"${iid}";"${irv}";"${rel}";"${obj}";'/>
		<debug message="Processing ${iid}/${irv}${line.separator}"/>
		<debug message="NX STEP conversion"/>

		<!-- remove existing logs, results-files (stp) -->
		<delete quiet="true">
			<fileset dir="${resultdir}" includes="**/*${CR_STEP_EXT}"/>
			<fileset dir="${resultdir}" includes="**/*_step.log"/>
		</delete>
		
		<!-- execute NX STEP conversion -->
		<antcall target="${CR_STEP_TARGET}">
			<param name="prog" value="${CR_STEP_PROG}"/>
			<param name="object" value="&quot;@DB@${src.iid}@${src.irv}&quot;"/>
			<param name="file" value="${resultdir}${file.separator}${cur.timestamp}${CR_STEP_EXT}"/>
			<param name="log" value="${resultdir}${file.separator}${cur.timestamp}_step.log"/>
			<param name="options" value="${CR_STEP_OPTIONS}"/>
		</antcall>

		<!-- now process/convert/save/re-import converted files -->
		<convertEachFile itemid="${src.iid}" revid="${src.irv}" dsname="${src.obj}" max="1" 
			dssyntax="${CR_DS_SYNTAX}" filesyntax="${CR_FILE_SYNTAX}" fileseparator="${CR_FILE_SEPARATOR}" dsseparator="${CR_DS_SEPARATOR}"
			dspattern="${CR_DS_NAME}" filepattern="${CR_FILE_NAME}" sheetmode="${CR_DS_SHEET_MODE}" langs="${CR_NX_EXPORT_LANGS}" multiconv="step"
			fileprefix="${cur.timestamp}" fileext="${CR_STEP_EXT}" outputext="${CR_STEP_EXT}"  dscustom="${CR_DS_CUST_TARGET}" filecustom="${CR_FILE_CUST_TARGET}">
			<fileset dir="${resultdir}">
				<include name="${cur.timestamp}*${CR_STEP_EXT}"/>
			</fileset>
		</convertEachFile>

		<!-- complete protocol with success (Error lines will have NO status) -->
		<echo file="${protocol.path}" append="true" message='"SUCCESS"'/>
	</target>
</project>
