<?xml version="1.0" encoding="UTF-8"?>

<!--
	Contains some standard helper functions for NX :
		TCPBNXExport
		Step214Ug
		UgToPv
-->
<project name="NX_Helper" default="init" basedir=".">
	<target name="custom_ds">
		<echo message='CUSTOM DATASETNAME with inputs: itemid="${itemid}" revid="${revid}" dsname="${dsname}" lang="${lang}" format="${format}" sheet="${sheet}" max="${max}" separator="${separator}" property="${property}"'/>
		<!-- Custom code here -->
	</target>
	
	<target name="custom_fn">
		<echo message='CUSTOM FILENAME with inputs: itemid="${itemid}" revid="${revid}" dsname="${dsname}" lang="${lang}" format="${format}" sheet="${sheet}" max="${max}" separator="${separator}" property="${property}"'/>
		<!-- Custom code here -->
	</target>

	<target name="external_save" if="save_condition">
		<echo message='SAVING EXTERNALLY: ${inputpath}${file.separator}(${pattern1},${pattern2},${pattern3})-> ${outputpath}"'/>
		<mkdir dir="${outputpath}"/>
		<copy todir="${outputpath}" includeemptydirs="false">
			<fileset dir="${inputpath}">
				<include name="**/${pattern1}"/>
				<include name="**/${pattern2}"/>
				<include name="**/${pattern3}"/>
			</fileset>
		</copy>
	</target>

	<target name="vis_convert" if="conv_condition">
		<echo message='Starting TcVis-Convert'/>
		<!-- format would be possible to handle (different options), but we ignore it here -->
		<TcVisConvert prog1="${prog1}" prog2="${prog2}" options="${options}" inputfiles="${inputfiles}" outputfile="${outputfile}"/>
	</target>

	<target name="reimport" if="reimport_condition">
		<echo message='Starting reimport"'/>
		<TCPBImportFile prog="${prog}" file="${file}" login="${tc.login}" object="${object}" dsrel="${dsrel}" 
			dsname="${dsname}" dstype="${dstype}" dsnamedref="${dsnamedref}" options="${options}"/>
	</target>

	<target name="dxf_convert">
		<echo message='Starting Dxf-Convert'/>
			<local name="dxf_output"/>
			<local name="log"/>
			<property name="log" value="@{outputdir}${file.separator}@{outputprefix}_dxfdwg.log"/>
			<echo message='${prog} i="${inputfiles}" o="${outputfile}" ${options}'/>
			<exec executable="${prog}" failonerror="true" outputproperty="dxf_output">
				<env key="PATH" path="${env.NX_PATH}"/>
				<arg line='i="${inputfiles}" o="${outputfile}" l="${log}" ${options}' />
			</exec>
			<echo message="${dxf_output}"/>
	</target>

	<target name="step_convert">
		<echo message='Starting Step-Convert'/>
			<local name="step_output"/>
			<echo message='${prog} i=${object} -O="${file}" -L="${log}" ${options}'/>
			<exec executable="${prog}" failonerror="true" outputproperty="step_output">
				<env key="PATH" path="${env.NX_PATH}"/>
				<arg line='i=${object} -O="${file}" -L="${log}" ${options} ${tc.login}' />
			</exec>
			<echo message="${step_output}"/>
	</target>

	<!-- export C(GM) , H(PGL) or T(IF) file from NX
	-->
	<macrodef name="TCPBNXExport">
		<attribute name="login" default=""/>
		<attribute name="outputdir" default='${resultdir}'/>
		<attribute name="outputprefix" default='${cur.timestamp}'/>
		<attribute name="ext" default='${CR_NX_EXPORT_EXT}'/>
		<attribute name="attext" default='${CR_NX_EXPORT_ATTR_EXT}'/>
		<attribute name="object" default='-pno="4711" -prev="A"'/>
		<attribute name="rel" default='IMAN_specification'/>
		<attribute name="dstype" default='${src.typ}'/>
		<attribute name="dsname" default='4711_A'/>
		<attribute name="what" default='C'/>
		<attribute name="sheet" default='${CR_NX_EXPORT_SHT_INCLUDE}'/>
		<attribute name="sheetnot" default='${CR_NX_EXPORT_SHT_EXCLUDE}'/>
		<attribute name="lang" default='${CR_NX_EXPORT_LANGS}'/>
		<attribute name="revrule" default='${CR_NX_EXPORT_REV_RULE}'/>
		<attribute name="plotini" default='${CR_NX_EXPORT_INI_FILE}'/>
		<attribute name="options" default="-open_drw -warn_drw"/> <!-- [-exp_attr] [-test_drw] [-warn_drw] [-open_drw] [-update_views] [-set_pref] [-regex] -->
		<attribute name="countprop" default="my_count"/>
		<attribute name="ignoreerrors" default="${CR_NX_EXPORT_IGNORE_ERRS}"/>
		<sequential>
			<local name="output"/>
			<property name="output" value="@{outputdir}${file.separator}@{outputprefix}"/>
			<local name="tcpb_output"/>
			<local name="tcpb_result"/>
			<local name="sheetParam"/>
			<local name="sheetNotParam"/>
			<local name="langParam"/>
			<local name="firstLang"/>
			<local name="langFilePart"/>
			<local name="rawCount"/>
			<local name="prel"/>
			<combineToParameterIfSet prefix="-sheet=" suffix=" " value="@{sheet}" property="sheetParam"/>
			<combineToParameterIfSet prefix="-sheet_not=" suffix=" " value="@{sheetnot}" property="sheetNotParam"/>
			<combineToParameterIfSet prefix="-lang=" suffix=" " value="@{lang}" property="langParam"/>
			<convertRelation relation="@{rel}" dstype="@{dstype}" property="prel"/>
			<echo message='${CR_NX_EXPORT_PROG} ${line.separator} @{object} -output="${output}" -prel="${prel}" -pname="@{dsname}" -what="@{what}" ${sheetParam}${sheetNotParam}${langParam} -rev_rule="@{revrule}" -plot_ini="@{plotini}" @{options}'></echo>
			<exec executable="${CR_NX_EXPORT_PROG}" failonerror="false" failifexecutionfails="true"
				outputproperty="tcpb_output" resultproperty="tcpb_result" vmlauncher="false">
				<env key="PATH" path="${env.NX_PATH}"/>
				<arg line='@{login} @{object} -output="${output}" -prel="${prel}" -pname="@{dsname}" -what="@{what}" ${sheetParam}${sheetNotParam}${langParam} -rev_rule="@{revrule}" -plot_ini="@{plotini}" @{options}' />
			</exec>
			<echo message="${tcpb_output}"/>
			<fail>
				<condition>
					<not>
						<or>
							<equals arg1="${tcpb_result}" arg2="0"/>
							<contains string=";@{ignoreerrors};" substring=";${tcpb_result};"/>
						</or>
					</not>
				</condition>
			</fail>
			<!-- (maybe) rename plotfiles to given extension because TCPBNXExport only generates ext hpp when HPGL but the unix version of visconvert neets hpg -->
			<move todir="@{outputdir}" includeemptydirs="false">
				<fileset dir="@{outputdir}">
					<include name="**/*.hpp"/>
				</fileset>
				<mapper type="glob" from="*.hpp" to="*@{ext}"/>
			</move>

			<!-- (maybe) rename attribute file to wanted extension -->
			<move todir="@{outputdir}" includeemptydirs="false">
				<fileset dir="@{outputdir}">
					<include name="**/@{outputprefix}*.hpp.att"/>
					<include name="**/@{outputprefix}*.cgm.att"/>
				</fileset>
				<mapper type="glob" from="*@{ext}.att" to="*@{attext}"/>
			</move>
			<move todir="@{outputdir}" includeemptydirs="false">
				<fileset dir="@{outputdir}">
					<include name="**/@{outputprefix}*.hpp.att"/>
				</fileset>
				<mapper type="glob" from="*.hpp.att" to="*@{attext}"/>
			</move>

			<!-- count and return the sheet count to our caller -->
			<!-- we have maybe XXXSheet_1_A3.cgm, XXXSheet_2_A3.cgm OR XXXSheet_1_DE_A3.cgm, XXXSheet_2_DE_A3.cgm, 
				XXXSheet_1_EN_A3.cgm, XXXSheet_2_EN_A3.cgm: we need the max count / max count per language -->
			<getStringPart text="@{lang}" separator="," index="0" property="firstLang"/>
			<combineToParameterIfSet prefix="_" suffix="" value="${firstLang}" property="langFilePart"/>
			<resourcecount property="rawCount">
				<fileset dir="@{outputdir}">
					<include name="@{outputPrefix}*_*${langFilePart}_*@{ext}"/>
				</fileset>
			</resourcecount>
			<updateProperty property="@{countprop}" newvalue="${rawCount}"/>
			<echo message="first language=${firstLang};lang part=${langFilePart}"/>
			<echo message="sheet count=${rawCount}"/>
		</sequential>
	</macrodef>

	<!-- export flattened parts for future DXF conversion
	-->
	<macrodef name="UGTo2D">
		<attribute name="login" default=""/>
		<attribute name="outputdir" default='${resultdir}'/>
		<attribute name="outputprefix" default='${cur.timestamp}'/>
		<attribute name="ext" default='.prt'/>
		<attribute name="object" default='"@DB@4711@A@specification@4711_A_dwg1"'/>
		<attribute name="options" default="${CR_DXF_UG2D_OPTIONS}"/>
		<attribute name="countprop" default="my_count"/>
		<sequential>
			<local name="output"/>
			<local name="log"/>
			<property name="output" value="@{outputdir}${file.separator}@{outputprefix}@{ext}"/>
			<property name="log" value="@{outputdir}${file.separator}@{outputprefix}_ugto2d.log"/>
			<local name="ug2d_output"/>
			<echo message='${CR_DXF_UGTO2D_PROG} ${line.separator} i=@{object} o="${output}" l="${log}" @{options}'></echo>
			<exec executable="${CR_DXF_UGTO2D_PROG}" failonerror="true" outputproperty="ug2d_output" vmlauncher="false">
				<env key="PATH" path="${env.NX_PATH}"/>
				<arg line='i=@{object} o="${output}" l="${log}" @{options} @{login}' />
			</exec>
			<echo message="${ug2d_output}"/>

			<!-- count and return the sheet count to our caller -->
			<!-- we have maybe XXX.prt (single sheet), XXX_Sheet 1_2d.prt,XXX_Sheet 2_2d.prt,... (multi sheet): we need the max count -->
			<resourcecount property="rawCount">
				<fileset dir="@{outputdir}">
					<include name="@{outputPrefix}*@{ext}"/>
				</fileset>
			</resourcecount>
			<updateProperty property="@{countprop}" newvalue="${rawCount}"/>
			<echo message="sheet count=${rawCount}"/>
		</sequential>
	</macrodef>

	<scriptdef name="convertRelation" language="javascript">
		<attribute name="relation" />
		<attribute name="dstype" />
		<attribute name="property" />
		<![CDATA[
		var rel = attributes.get('relation');
		var dstype = attributes.get('dstype');
		var new_rel = rel;
		//var echo = project.createTask("echo");
		//echo.setMessage( "rel=" + rel + ";dstype=" + dstype );
		//echo.perform( );
		if ((dstype.indexOf("UG") == 0) && (rel.localeCompare("IMAN_manifestation") == 0))
		{
			new_rel = "3";
		} else if ((dstype.localeCompare("UGMASTER") == 0) && (rel.localeCompare("IMAN_specification") == 0)) 
		{
			new_rel = "1";
		} else if ((dstype.indexOf("UG") == 0) && (rel.localeCompare("IMAN_specification") == 0)) 
		{
				//(starts with UG) for UGPART in specification
			new_rel = "2";
		}
		project.setProperty(attributes.get('property'), new_rel);
		]]>
	</scriptdef>

	<scriptdef name="prepareObjectString" language="javascript">
		<attribute name="item" />
		<attribute name="rev" />
		<attribute name="relation" />
		<attribute name="dsname" />
		<attribute name="dstype" />
		<attribute name="property" />
		<![CDATA[
		var item = attributes.get('item');
		var rev = attributes.get('rev');
		var rel = attributes.get('relation');
		var dstype = attributes.get('dstype');
		var dsname = attributes.get('dsname');
		var obj_string = "@DB@" + item + "@" + rev ; // @DB@4711@A@specification@4711_A or @DB@4711@A

		//var echo = project.createTask("echo");
		//echo.setMessage( "rel=" + rel + ";dstype=" + dstype );
		//echo.perform( );
		if ((dstype.indexOf("UG") == 0) && (rel.localeCompare("IMAN_manifestation") == 0))
		{
			obj_string = obj_string + "@manifestation@" + dsname;
		} else if ((dstype.localeCompare("UGMASTER") == 0) && (rel.localeCompare("IMAN_specification") == 0)) 
		{
			//stick with just ITEM + REV - no additions!
		} else if ((dstype.indexOf("UG") == 0) && (rel.localeCompare("IMAN_specification") == 0)) 
		{
				//(starts with UG) for UGPART in specification
			obj_string = obj_string + "@specification@" + dsname;
		}
		project.setProperty(attributes.get('property'), obj_string);
		]]>
	</scriptdef>

	<!--
	# *****************************************************************************
	# Image-Dataset-Syntax variants
	#  * 0 = Custom Dataset Name generated by ant target specified by CR_DS_CUST_TARGET
	#    1 = <ItemID>_<ItemRevision>_<sheet>
	#    2 = <ItemID>_<ItemRevision>_<Datasetname>_<sheet>
	#    3 = <Datasetname>_<sheet>
	#    4 = <ItemID>_<ItemRevision>_<sheet>_<sheets>
	#    5 = <Datasetname>_<ItemRevision>_<sheet>
	#  * 6 = <Datasetname> (DEFAULT)
	#    7 = <ItemID>_<sheet>
	#  * 8 = <ItemID>_<ItemRevision>
	#    
	# * = can be used with multi-sheet mode
	#
	# CR_DS_SHEET_MODE      number = Use the TC sheet number for <sheet> and the number of existing
	#                                datasets (i.e. UGPARTs) as the total sheet count (<sheets>)
	#                                CR_DS_NAME defines the pattern when parsing the dataset name
	#                                CR_DS_COUNT_PROG defines the program to count existing dataset
	#                       name   = Use the NX sheet name for <sheet> and the number of sheets
	#                                in the current UGPART as the total sheet count (<sheets>)
	#
	#    NOTE: If CR_NX_EXPORT_LANGS is set, the language will be added to the dataset name
	#
	# CR_DS_NAME             Pattern to use when parsing dataset name for sheet (CR_DS_SHEET_MODE=number)
	#                        Example:
	#                        CR_DSET_NAME = %%ITEM_ID%%_%%REV_ID%%_Z%%SHEET_NO%%
	#                        Source Dataset Name = "831532_1_Z01"
	#                        Result:
	#                            Item ID (ITEM_ID)       = 831532
	#                            Revision ID (REV_ID)    = 1
	#                            Sheet Number (SHEET_NO) = 01
	#                        IMPORTANT: Not available with DXF!
	# CR_DS_COUNT_PROG      Program to be used when counting existing datasets (CR_DS_SHEET_MODE=number)
	#
	# IMPORTANT:
	#   Teamcenter currently limits the maximum dataset name length to 128
	#   CR_DS_SHEET_MODE=number should only be used when each UGPART contains only one sheet. 
	#   Sheet patterns/logic is not available with multisheet options and requires Master-Model concept.
	#   Not available with DXF!
	# *****************************************************************************
	-->
	<scriptdef name="generateDatasetName" language="javascript">
		<attribute name="pattern" /><!-- 0 .. 8 -->
		<attribute name="customtarget" />
		<attribute name="itemid" />
		<attribute name="revid" />
		<attribute name="dsname" />
		<attribute name="lang" />
		<attribute name="format" />
		<attribute name="sheet" />
		<attribute name="max" />
		<attribute name="separator" />
		<attribute name="property" />
		<attribute name="maxlen" />
		<![CDATA[
		var pattern = attributes.get('pattern');
		var itemid = attributes.get('itemid');
		var revid = attributes.get('revid');
		var dsname = attributes.get('dsname');
		var sheet = attributes.get('sheet');
		var format = attributes.get('format') || "";
		var max_sheets = attributes.get('max');
		var sep = attributes.get('separator');
		var lang = attributes.get('lang') || "";
		var property = attributes.get('property');
		var maxlen = attributes.get('maxlen') || "128";
		var new_name = dsname; //default pattern=6
		var lang_ext = "";
		if ( lang.length() > 0 )
		{
			lang_ext = sep + lang;
		}

		var echo = project.createTask("echo");
		echo.setMessage( "generateDatasetName(): pattern=" + pattern + "; dsname(src)=" + dsname +
			"; itemid=" + itemid + "; revid=" + revid);
		echo.perform( );
		echo.setMessage( "lang/lang_ext=" + lang + '/' + lang_ext + "; sheet=" + sheet + "; max=" + max_sheets);
		echo.perform( );
		
		if (pattern.localeCompare("0") == 0)
		{
			var cust_target = attributes.get('customtarget');
			var my_call = project.createTask(cust_target);
			my_call.setOwningTarget( self.getOwningTarget() );
			echo.setMessage( "cust_target=" + cust_target);
			echo.perform( )
			my_call.setDynamicAttribute("itemid",itemid);
			my_call.setDynamicAttribute("revid",revid);
			my_call.setDynamicAttribute("dsname",dsname);
			my_call.setDynamicAttribute("lang",lang);
			my_call.setDynamicAttribute("sheet",sheet);
			my_call.setDynamicAttribute("max",max_sheets);
			my_call.setDynamicAttribute("sep",sep);
			my_call.setDynamicAttribute("property",property);
			my_call.setDynamicAttribute("format",format);
			my_call.execute();
		} else if (pattern.localeCompare("1") == 0)
		{
			new_name = itemid +  sep + revid + sep + sheet;
		} else if (pattern.localeCompare("2") == 0)
		{
			new_name = itemid +  sep + revid + sep + dsname + sep + sheet;
		} else if (pattern.localeCompare("3") == 0)
		{
			new_name = dsname + sep + sheet;
		} else if (pattern.localeCompare("4") == 0)
		{
			new_name = itemid +  sep + revid + sep + sheet + sep + max_sheets;
		} else if (pattern.localeCompare("5") == 0)
		{
			new_name = dsname +  sep + revid + sep + sheet;
		} else if (pattern.localeCompare("7") == 0)
		{
			new_name = itemid +  sep + sheet;
		} else if (pattern.localeCompare("8") == 0)
		{
			new_name = itemid +  sep + revid;
		}
		
		if (pattern.localeCompare("0") != 0)
		{
			//don't set property if custom task used!
			new_name = new_name + lang_ext; //add language, if any to output
			if ( new_name.length > maxlen )
			{
				new_name = new_name.substring(0,maxlen);
			}
			echo.setMessage( "Setting " + attributes.get('property') + "=" + new_name);
			echo.perform( );
			project.setProperty(attributes.get('property'), new_name);
		}
		]]>
	</scriptdef>

	<!--
	*****************************************************************************
	Image-File-Syntax Variants
	 * 0 = Custom File Name generated by ant target specified by CR_FILE_CUST_TARGET
	   1 = <ItemID>_<ItemRevision>_<sheet>
	   2 = <ItemID>_<ItemRevision>_<Datasetname>_<sheet>
	   3 = <Datasetname>_<sheet>
	   4 = <ItemID>_<ItemRevision>_<sheet>_<sheets>
	   5 = <Datasetname>_<ItemRevision>_<sheet>
	 * 6 = <Datasetname> (DEFAULT)
	   7 = <ItemID>_<sheet>
	 * 8 = <ItemID>_<ItemRevision>

	   CAUTION: Teamcenter currently limits the maximum file name length to 132
	   * = can be used with multi-sheet mode
	   CR_FILE_SHEET_MODE	[number|name] number = Use the TC sheet number for <sheet> and the number of existing
	                                               datasets (i.e. UGPARTs) as the total sheet count (<sheets>)
	                                      name   = Use the NX sheet name for <sheet> and the number of sheets
	                                               in the current UGPART as the total sheet count (<sheets>)
									  CR_DSET_NAME defines the pattern when parsing the dataset name
									  
	                                  IMPORTANT: number should only be used when each UGPART contains only
												 one sheet. 
												 Not to be used with multipage options!
												 Not available with DXF!
	*****************************************************************************
	-->
	<macrodef name="generateFileName">
		<attribute name="pattern" /><!-- 0 .. 8 -->
		<attribute name="customtarget" />
		<attribute name="itemid" />
		<attribute name="revid" />
		<attribute name="dsname" />
		<attribute name="lang" />
		<attribute name="sheet" />
		<attribute name="max" />
		<attribute name="separator" />
		<attribute name="property" />
		<attribute name="ext" />
		<sequential>
			<!-- same logic for file/dataset (limit to 128) - just add ext (up to 4) = 132 max length-->
			<generateDatasetName pattern="@{pattern}" customtarget="@{customtarget}" itemid="@{itemid}" revid="@{revid}" dsname="@{dsname}" lang="@{lang}" 
				sheet="@{sheet}" max="@{max}" separator="@{separator}" property="@{property}" maxlen="128"/>
			<updateProperty property="@{property}" newvalue="${@{property}}@{ext}"/>
			<substring text="${@{property}}" start="0" end="132" property="@{property}" />
			<cleanFilename filename="${@{property}}" property="@{property}"/><!-- remove illegal chars -->
		</sequential>
	</macrodef>
	
	<scriptdef name="convertEachFile" language="javascript">
		<attribute name="itemid"/>
		<attribute name="revid"/>
		<attribute name="dsname"/>
		<attribute name="max"/>
		<attribute name="dspattern"/>
		<attribute name="dssyntax"/>
		<attribute name="filepattern"/>
		<attribute name="filesyntax"/>
		<attribute name="sheetmode"/>
		<attribute name="langs"/>
		<attribute name="fileprefix"/>
		<attribute name="fileext"/>
		<attribute name="dscustom"/>
		<attribute name="filecustom"/>
		<attribute name="dsseparator"/>
		<attribute name="fileseparator"/>
		<attribute name="conv"/>
		<attribute name="multiconv"/>
		<attribute name="options"/>
		<attribute name="outputext"/>
		<attribute name="reimporttarget"/>
		<element name="fileset" type="fileset"/>
		<![CDATA[
		var datasetlist_prop = attributes.get('datasetlist');
		var filelist_prop = attributes.get('filelist');
		var itemid = attributes.get('itemid');
		var revid = attributes.get('revid');
		var dsname = attributes.get('dsname');
		var max = attributes.get('max');
		var pattern = attributes.get('dspattern') != undefined ? attributes.get('dspattern') : project.getProperty('CR_DS_NAME');
		var dssyntax = attributes.get('dssyntax') != undefined ? attributes.get('dssyntax') : project.getProperty('CR_DS_SYNTAX');
		var filepattern = attributes.get('filepattern') != undefined ? attributes.get('filepattern') : project.getProperty('CR_FILE_NAME');
		var filesyntax = attributes.get('filesyntax') != undefined ? attributes.get('filesyntax') : project.getProperty('CR_FILE_SYNTAX');
		var sheetmode = attributes.get('sheetmode') != undefined ? attributes.get('sheetmode') : project.getProperty('CR_DS_SHEET_MODE');
		var langs = attributes.get('langs') != undefined ? attributes.get('langs') : project.getProperty('CR_NX_EXPORT_LANGS');
		var fileprefix = attributes.get('fileprefix') != undefined ? attributes.get('fileprefix') : project.getProperty('cur.timestamp');
		var fileext = attributes.get('fileext') != undefined ? attributes.get('fileext') : project.getProperty('CR_NX_EXPORT_EXT');
		var dscustom = attributes.get('dscustom') != undefined ? attributes.get('dscustom') : project.getProperty('CR_DS_CUST_TARGET');
		var filecustom = attributes.get('filecustom') != undefined ? attributes.get('filecustom') : project.getProperty('CR_FILE_CUST_TARGET');
		var dsseparator = attributes.get('dsseparator') != undefined ? attributes.get('dsseparator') : project.getProperty('CR_DS_SEPARATOR');
		var fileseparator = attributes.get('fileseparator') != undefined ? attributes.get('fileseparator') : project.getProperty('CR_FILE_SEPARATOR');
		var conv = attributes.get('conv') != undefined ? attributes.get('conv') : project.getProperty('CR_CONV');
		var options = attributes.get('options') != undefined ? attributes.get('options') : project.getProperty('CR_CONV_OPTIONS');
		var outputext = attributes.get('outputext') != undefined ? attributes.get('outputext') : project.getProperty('CR_CONV_EXT');
		var multiconv = attributes.get('multiconv') != undefined ? attributes.get('multiconv') : project.getProperty('CR_CONV_MULTI');
		var reimporttarget = attributes.get('reimporttarget') != undefined ? attributes.get('reimporttarget') : project.getProperty('CR_IMP_TARGET');
		conv = conv.toLowerCase();
		multiconv = multiconv.toLowerCase();
		var all_input_files = "";
		var filename = "";
		
		try{
			load("nashorn:mozilla_compat.js");
		}catch(e){
		}
		
		importClass(java.io.File);
		//var File = java.io.File;
		
		filesets = elements.get("fileset");
		for (i = 0; i < filesets.size(); ++i) 
		{
			fileset = filesets.get(i);
			var filepath = fileset.getDir();
			scanner = fileset.getDirectoryScanner(project);
			scanner.scan();
			files = scanner.getIncludedFiles();
			for( j=0; j < files.length; j++) 
			{
				filename = files[j];
				echo_task = project.createTask("echo");        
				echo_task.setMessage("cur_filename:" + filename );
				echo_task.execute();
				//run either single or multiconvert processing (same args)
				if ( multiconv.localeCompare("on") == 0 )
				{
					all_input_files = all_input_files + " \"" + filepath + project.getProperty("file.separator") + filename + "\"";
					echo_task.setMessage("all_input_files:" + all_input_files );
					echo_task.execute();
				} else
				{
					if ( multiconv.localeCompare("se") == 0 )
					{
						file_task = project.createTask("processSingleDftFile"); //SE-support
					} else if ( multiconv.localeCompare("dxf") == 0 )
					{
						file_task = project.createTask("processSinglePrtFile"); //DXF-support
					} else if ( multiconv.localeCompare("step") == 0 )
					{
						file_task = project.createTask("processSingleStpFile"); //STEP-support
					} else
					{
						file_task = project.createTask("processSingleFile");
					}
					file_task.setOwningTarget( self.getOwningTarget() );
					file_task.setDynamicAttribute('itemid',itemid);
					file_task.setDynamicAttribute('revid',revid);
					file_task.setDynamicAttribute('dsname',dsname);
					file_task.setDynamicAttribute('max',max);
					file_task.setDynamicAttribute('dspattern',pattern);
					file_task.setDynamicAttribute('dssyntax',dssyntax);
					file_task.setDynamicAttribute('filesyntax',filesyntax);
					file_task.setDynamicAttribute('sheetmode',sheetmode);
					file_task.setDynamicAttribute('langs',langs);
					file_task.setDynamicAttribute('dscustom',dscustom);
					file_task.setDynamicAttribute('filecustom',filecustom);
					file_task.setDynamicAttribute('dsseparator',dsseparator);
					file_task.setDynamicAttribute('fileseparator',fileseparator);
					file_task.setDynamicAttribute('filename',filename);
					file_task.setDynamicAttribute('fileprefix',fileprefix);
					file_task.setDynamicAttribute('fileext',fileext);
					file_task.setDynamicAttribute('filepath',filepath);
					file_task.setDynamicAttribute('options',options);
					file_task.setDynamicAttribute('outputext',outputext);
					file_task.setDynamicAttribute('reimporttarget',reimporttarget);
					file_task.execute();
				}
			}
		}

		if ( multiconv.localeCompare("on") == 0 && files.length > 0 )
		{
			file_task = project.createTask("processMultiFile");
			file_task.setOwningTarget( self.getOwningTarget() );
			file_task.setDynamicAttribute('itemid',itemid);
			file_task.setDynamicAttribute('revid',revid);
			file_task.setDynamicAttribute('dsname',dsname);
			file_task.setDynamicAttribute('max',max);
			file_task.setDynamicAttribute('dspattern',pattern);
			file_task.setDynamicAttribute('dssyntax',dssyntax);
			file_task.setDynamicAttribute('filesyntax',filesyntax);
			file_task.setDynamicAttribute('sheetmode',sheetmode);
			file_task.setDynamicAttribute('langs',langs);
			file_task.setDynamicAttribute('dscustom',dscustom);
			file_task.setDynamicAttribute('filecustom',filecustom);
			file_task.setDynamicAttribute('dsseparator',dsseparator);
			file_task.setDynamicAttribute('fileseparator',fileseparator);
			file_task.setDynamicAttribute('filename',filename);
			file_task.setDynamicAttribute('allfiles',all_input_files);
			file_task.setDynamicAttribute('fileprefix',fileprefix);
			file_task.setDynamicAttribute('fileext',fileext);
			file_task.setDynamicAttribute('filepath',filepath);
			file_task.setDynamicAttribute('options',options);
			file_task.setDynamicAttribute('outputext',outputext);
			file_task.setDynamicAttribute('reimporttarget',reimporttarget);
			file_task.execute();
		}
		]]>
	</scriptdef>

	<scriptdef name="determineSheet" language="javascript">
		<attribute name="mode" /><!-- name|number-->
		<attribute name="fileprefix" />
		<attribute name="fileext" />
		<attribute name="dspattern" />
		<attribute name="filepattern" />
		<attribute name="itemid" />
		<attribute name="revid" />
		<attribute name="dsname" />
		<attribute name="filename" />
		<attribute name="langs" />
		<attribute name="sheetproperty" />
		<attribute name="langproperty" />
		<attribute name="formatproperty" />
		<![CDATA[
		var itemid = attributes.get('itemid') != undefined ? attributes.get('itemid') : '';
		var revid = attributes.get('revid');
		var dsname = attributes.get('dsname');
		var filename = attributes.get('filename');
		var pattern = attributes.get('dspattern') != undefined ? attributes.get('dspattern').toString() : project.getProperty('CR_DS_NAME').toString();
		var sheet_pattern = attributes.get('filepattern') != undefined ? attributes.get('filepattern').toString() : project.getProperty('CR_FILE_NAME').toString();
		var mode = attributes.get('mode') ;
		var sheetproperty = attributes.get('sheetproperty');
		var langproperty = attributes.get('langproperty');
		var formatproperty = attributes.get('formatproperty');
		var fileprefix = attributes.get('fileprefix');
		var fileext = attributes.get('fileext');
		var langs = attributes.get('langs');
		var sheet = "";
		var lang = "";
		var format = "";
		var echo = project.createTask("echo");

		if ( mode != null && mode.localeCompare("number") == 0 )
		{
			echo.setMessage( "determineSheet(): pattern=" + pattern + "; dsname(src)=" + dsname);
			echo.perform( );
			var re = new RegExp("^" + pattern + "$", "i");
			var matches = dsname.toString().match(re);
			if ( matches != null && matches.length > 1 )
			{
				sheet = matches[1];
			}
		} else
		{
			//get sheet from filename
			var total_len = filename.length();
			var ext_len = fileext.length();
			var prefix_len = fileprefix.length();
			var sheet_start = prefix_len; //char after prefix
			var sheet_end = total_len - ext_len; //end at ext
			sheet = filename.substring(sheet_start,sheet_end); //NX: SheetName_A4 or SheetName_EN_A4
			sheet_pattern = sheet_pattern + "_(.+)"; //add 1 block for format
			if ( langs.toString().length() > 0 )
			{
				sheet_pattern = sheet_pattern + "_(.+)"; //add 2 block for lang+format
			}
			echo.setMessage( "determineSheet(): sheet_pattern=" + sheet_pattern + "; filename(src)=" + sheet.toString());
			echo.perform( );
			var re = new RegExp("^" + sheet_pattern + "$", "i");
			var matches = sheet.toString().match(re);
			if ( matches != null && matches.length > 1 )
			{
				sheet = matches[1];
				if ( langs.length() > 0 && matches.length > 3)
				{
					lang = matches[2];
					lang = lang.toUpperCase();
					format = matches[3];
				} else if ( matches.length > 2)
				{
					format = matches[2];
				}
			}
		}
		project.setProperty(sheetproperty, sheet);
		project.setProperty(langproperty, lang);
		project.setProperty(formatproperty, format);
		]]>
	</scriptdef>

	<macrodef name="processSingleFile">
		<attribute name="dspattern" default="${CR_DS_NAME}"/>
		<attribute name="filepattern" default="${CR_FILE_NAME}"/>
		<attribute name="dssyntax" default="${CR_DS_SYNTAX}"/>
		<attribute name="filesyntax" default="${CR_FILE_SYNTAX}"/>
		<attribute name="sheetmode" default="${CR_DS_SHEET_MODE}"/>
		<attribute name="itemid" default="${src.iid}"/>
		<attribute name="revid" default="${src.irv}"/>
		<attribute name="dsname" default="${src.obj}"/>
		<attribute name="langs" default="${CR_NX_EXPORT_LANGS}"/>
		<attribute name="filepath" default="${resultdir}"/>
		<attribute name="filename"/>
		<attribute name="fileprefix" default="${cur.timestamp}"/>
		<attribute name="fileext" default="${CR_NX_EXPORT_EXT}"/>
		<attribute name="attext" default='${CR_NX_EXPORT_ATTR_EXT}'/>
		<attribute name="outputext" default="${CR_CONV_EXT}"/>
		<attribute name="max" default="X"/>
		<attribute name="dscustom" default="${CR_DS_CUST_TARGET}"/>
		<attribute name="filecustom" default="${CR_FILE_CUST_TARGET}"/>
		<attribute name="dsseparator" default="${CR_DS_SEPARATOR}"/>
		<attribute name="fileseparator" default="${CR_FILE_SEPARATOR}"/>
		<attribute name="options" default="${CR_CONV_OPTIONS}"/>
		<attribute name="reimporttarget" default="${CR_IMP_TARGET}"/>
		<sequential>
			<local name="cur_sheet"/>
			<local name="cur_lang"/>
			<local name="cur_format"/>
			<local name="new_dsname"/>
			<local name="new_filename"/>
			<local name="new_filename_att"/>
			<local name="output_filename"/>
			<editString string="@{dspattern}" dest="cur_pattern" pattern='\%ITEM_ID\%' replace="@{itemid}" flags="gi"/>
			<editString string="${cur_pattern}" dest="cur_pattern" pattern='\%REV_ID\%' replace="@{revid}" flags="gi"/>
			<editString string="${cur_pattern}" dest="cur_pattern" pattern='\%SHEET_NO\%' replace="(\\\\w+)" flags="gi"/>
			<determineSheet itemid="@{itemid}" revid="@{revid}" dsname="@{dsname}" mode="@{sheetmode}" dspattern="${cur_pattern}" filepattern="@{filepattern}" 
				filename="@{filename}" sheetproperty="cur_sheet" langproperty="cur_lang" formatproperty="cur_format" 
				fileprefix="@{fileprefix}" fileext="@{fileext}" langs="@{langs}"/>
			<echo message="cur_sheet: ${cur_sheet}; cur_lang: ${cur_lang}; cur_format: ${cur_format}"/>
			<!-- now we have all possible inputs: generate new file and dataset names -->
			<generateFileName ext="@{fileext}" pattern="@{filesyntax}" customtarget="@{filecustom}" itemid="@{itemid}" revid="@{revid}" 
				dsname="@{dsname}" lang="${cur_lang}" sheet="${cur_sheet}" max="@{max}" separator="@{fileseparator}" property="new_filename"/>
			<generateFileName ext="@{attext}" pattern="@{filesyntax}" customtarget="@{filecustom}" itemid="@{itemid}" revid="@{revid}" 
				dsname="@{dsname}" lang="" sheet="" max="" separator="@{fileseparator}" property="new_filename_att"/>
			<generateDatasetName pattern="@{dssyntax}" customtarget="@{dscustom}" itemid="@{itemid}" revid="@{revid}" 
				dsname="@{dsname}" lang="${cur_lang}" sheet="${cur_sheet}" max="@{max}" separator="@{dsseparator}" property="new_dsname"/>
			<echo message="CR_FILE_SYNTAX=@{filesyntax}: ${new_filename}"/>
			<echo message="CR_DS_SYNTAX=@{dssyntax}: ${new_dsname}"/>

			<!-- rename input (CGM) to match new syntax -->
			<move file="@{filepath}/@{filename}" tofile="@{filepath}/${new_filename}" />
			
			<!-- (maybe) rename attribute file (*.dat) to match new syntax -->
			<editString string="${new_filename_att}" dest="new_filename_att" pattern='[_]+\.' replace="." flags="gi"/>
			<move file="@{filepath}/@{fileprefix}@{attext}" tofile="@{filepath}/${new_filename_att}" failonerror="false"/>

			<!-- now generate output file for convert -->
			<editString string="${new_filename}" dest="output_filename" pattern='\@{fileext}' replace="@{outputext}" flags="gi"/>

			<!-- convert to TIF/PDF/... ? -->
			<antcall target="${CR_CONV_TARGET}">
				<param name="prog1" value="${CR_CONV_PROG}"/>
				<param name="prog2" value="${CR_CONV_PROG2}"/>
				<param name="format" value="${cur_format}"/>
				<param name="options" value="@{options}"/>
				<param name="inputfiles" value="@{filepath}${file.separator}${new_filename}"/>
				<param name="outputfile" value="@{filepath}${file.separator}${output_filename}"/>
			</antcall>

			<!-- reimport? -->
			<antcall target="@{reimporttarget}">
				<param name="prog" value="${CR_IMP_PROG}"/>
				<param name="file" value="@{filepath}${file.separator}${output_filename}"/>
				<param name="object" value="-item=&quot;@{itemid}&quot; -rev=&quot;@{revid}&quot;"/>
				<param name="dsrel" value="${CR_IMP_RELATION}"/>
				<param name="dsname" value="${new_dsname}"/>
				<param name="dstype" value="${CR_IMP_DSTYPE}"/> 
				<param name="dsnamedref" value="${CR_IMP_NAMEDREF}"/>
				<param name="options" value="${CR_IMP_OPTIONS}"/>
			</antcall>

			<!-- save externally? -->
			<antcall target="${CR_SAVE_TARGET}">
				<param name="inputpath" value="@{filepath}"/>
				<param name="pattern1" value="${CR_SAVE_PATTERN1}"/>
				<param name="pattern2" value="${CR_SAVE_PATTERN2}"/>
				<param name="pattern3" value="${CR_SAVE_PATTERN3}"/>
				<param name="outputpath" value="${CR_SAVE_PATH}"/>
			</antcall>
		</sequential>
	</macrodef>

	<macrodef name="processSinglePrtFile">
		<attribute name="dspattern" default="${CR_DS_NAME}"/>
		<attribute name="filepattern" default="${CR_FILE_NAME}"/>
		<attribute name="dssyntax" default="${CR_DS_SYNTAX}"/>
		<attribute name="filesyntax" default="${CR_FILE_SYNTAX}"/>
		<attribute name="sheetmode" default="${CR_DS_SHEET_MODE}"/>
		<attribute name="itemid" default="${src.iid}"/>
		<attribute name="revid" default="${src.irv}"/>
		<attribute name="dsname" default="${src.obj}"/>
		<attribute name="langs" default=""/>
		<attribute name="filepath" default="${resultdir}"/>
		<attribute name="filename"/>
		<attribute name="fileprefix" default="${cur.timestamp}"/>
		<attribute name="fileext" default=".prt"/>
		<attribute name="outputext" default="${CR_DXF_EXT}"/>
		<attribute name="max" default="X"/>
		<attribute name="dscustom" default="${CR_DS_CUST_TARGET}"/>
		<attribute name="filecustom" default="${CR_FILE_CUST_TARGET}"/>
		<attribute name="dsseparator" default="${CR_DS_SEPARATOR}"/>
		<attribute name="fileseparator" default="${CR_FILE_SEPARATOR}"/>
		<attribute name="reimporttarget" default="${CR_IMP_TARGET}"/>
		<attribute name="options" default="${CR_DXF_OPTIONS}"/>
		<sequential>
			<local name="cur_sheet"/>
			<local name="cur_lang"/>
			<local name="cur_format"/>
			<local name="new_dsname"/>
			<local name="new_filename"/>
			<local name="output_filename"/>
			<editString string="@{dspattern}" dest="cur_pattern" pattern='\%ITEM_ID\%' replace="@{itemid}" flags="gi"/>
			<editString string="${cur_pattern}" dest="cur_pattern" pattern='\%REV_ID\%' replace="@{revid}" flags="gi"/>
			<editString string="${cur_pattern}" dest="cur_pattern" pattern='\%SHEET_NO\%' replace="(\\\\w+)" flags="gi"/>
			<determineSheet itemid="@{itemid}" revid="@{revid}" dsname="@{dsname}" mode="@{sheetmode}" dspattern="${cur_pattern}" filepattern="@{filepattern}" 
				filename="@{filename}" sheetproperty="cur_sheet" langproperty="cur_lang" formatproperty="cur_format" 
				fileprefix="@{fileprefix}_" fileext="@{fileext}" langs="@{langs}"/>
			<echo message="cur_sheet: ${cur_sheet}; cur_lang: ${cur_lang}; cur_format: ${cur_format}"/>
			<!-- now we have all possible inputs: generate new file and dataset names -->
			<generateFileName ext="@{fileext}" pattern="@{filesyntax}" customtarget="@{filecustom}" itemid="@{itemid}" revid="@{revid}" 
				dsname="@{dsname}" lang="${cur_lang}" sheet="${cur_sheet}" max="@{max}" separator="@{fileseparator}" property="new_filename"/>
			<generateDatasetName pattern="@{dssyntax}" customtarget="@{dscustom}" itemid="@{itemid}" revid="@{revid}" 
				dsname="@{dsname}" lang="${cur_lang}" sheet="${cur_sheet}" max="@{max}" separator="@{dsseparator}" property="new_dsname"/>
			<echo message="CR_FILE_SYNTAX=@{filesyntax}: ${new_filename}"/>
			<echo message="CR_DS_SYNTAX=@{dssyntax}: ${new_dsname}"/>

			<!-- rename input (PRT) to match new syntax -->
			<move file="@{filepath}/@{filename}" tofile="@{filepath}/${new_filename}" />

			<!-- now generate output file for convert -->
			<editString string="${new_filename}" dest="output_filename" pattern='\@{fileext}' replace="@{outputext}" flags="gi"/>

			<!-- convert to DXF -->
			<antcall target="${CR_DXF_TARGET}">
				<param name="prog" value="${CR_DXF_PROG}"/>
				<param name="options" value="@{options}"/>
				<param name="inputfiles" value="@{filepath}${file.separator}${new_filename}"/>
				<param name="outputfile" value="@{filepath}${file.separator}${output_filename}"/>
			</antcall>

			<!-- reimport? -->
			<antcall target="@{reimporttarget}">
				<param name="prog" value="${CR_IMP_PROG}"/>
				<param name="file" value="@{filepath}${file.separator}${output_filename}"/>
				<param name="object" value="-item=&quot;@{itemid}&quot; -rev=&quot;@{revid}&quot;"/>
				<param name="dsrel" value="${CR_IMP_RELATION}"/>
				<param name="dsname" value="${new_dsname}"/>
				<param name="dstype" value="${CR_IMP_DSTYPE}"/> 
				<param name="dsnamedref" value="${CR_IMP_NAMEDREF}"/>
				<param name="options" value="${CR_IMP_OPTIONS}"/>
			</antcall>

			<!-- save externally? -->
			<antcall target="${CR_SAVE_TARGET}">
				<param name="inputpath" value="@{filepath}"/>
				<param name="pattern1" value="${CR_SAVE_PATTERN1}"/>
				<param name="pattern2" value="${CR_SAVE_PATTERN2}"/>
				<param name="pattern3" value="${CR_SAVE_PATTERN3}"/>
				<param name="outputpath" value="${CR_SAVE_PATH}"/>
			</antcall>
		</sequential>
	</macrodef>

	<macrodef name="processSingleStpFile">
		<attribute name="dspattern" default="${CR_DS_NAME}"/>
		<attribute name="filepattern" default="${CR_FILE_NAME}"/>
		<attribute name="dssyntax" default="${CR_DS_SYNTAX}"/>
		<attribute name="filesyntax" default="${CR_FILE_SYNTAX}"/>
		<attribute name="sheetmode" default="${CR_DS_SHEET_MODE}"/>
		<attribute name="itemid" default="${src.iid}"/>
		<attribute name="revid" default="${src.irv}"/>
		<attribute name="dsname" default="${src.obj}"/>
		<attribute name="langs" default=""/>
		<attribute name="filepath" default="${resultdir}"/>
		<attribute name="filename"/>
		<attribute name="fileprefix" default="${cur.timestamp}"/>
		<attribute name="fileext" default="${CR_STEP_EXT}"/>
		<attribute name="outputext" default="${CR_STEP_EXT}"/>
		<attribute name="max" default="X"/>
		<attribute name="dscustom" default="${CR_DS_CUST_TARGET}"/>
		<attribute name="filecustom" default="${CR_FILE_CUST_TARGET}"/>
		<attribute name="dsseparator" default="${CR_DS_SEPARATOR}"/>
		<attribute name="fileseparator" default="${CR_FILE_SEPARATOR}"/>
		<attribute name="reimporttarget" default="${CR_IMP_TARGET}"/>
		<attribute name="savetarget" default="${CR_SAVE_TARGET}"/>
		<attribute name="options" default=""/>
		<sequential>
			<local name="cur_sheet"/>
			<local name="cur_lang"/>
			<local name="cur_format"/>
			<local name="new_dsname"/>
			<local name="new_filename"/>
			<property name="cur_sheet" value="1"/>
			<property name="cur_lang" value=""/>
			<property name="cur_format" value=""/>
			<echo message="cur_sheet: ${cur_sheet}; cur_lang: ${cur_lang}; cur_format: ${cur_format}"/>
			<!-- now we have all possible inputs: generate new file and dataset names -->
			<generateFileName ext="@{fileext}" pattern="@{filesyntax}" customtarget="@{filecustom}" itemid="@{itemid}" revid="@{revid}" 
				dsname="@{dsname}" lang="${cur_lang}" sheet="${cur_sheet}" max="@{max}" separator="@{fileseparator}" property="new_filename"/>
			<generateDatasetName pattern="@{dssyntax}" customtarget="@{dscustom}" itemid="@{itemid}" revid="@{revid}" 
				dsname="@{dsname}" lang="${cur_lang}" sheet="${cur_sheet}" max="@{max}" separator="@{dsseparator}" property="new_dsname"/>
			<echo message="CR_FILE_SYNTAX=@{filesyntax}: ${new_filename}"/>
			<echo message="CR_DS_SYNTAX=@{dssyntax}: ${new_dsname}"/>

			<!-- rename input (STEP) to match new syntax -->
			<move file="@{filepath}/@{filename}" tofile="@{filepath}/${new_filename}" />

			<!-- reimport? -->
			<antcall target="@{reimporttarget}">
				<param name="prog" value="${CR_IMP_PROG}"/>
				<param name="file" value="@{filepath}${file.separator}${new_filename}"/>
				<param name="object" value="-item=&quot;@{itemid}&quot; -rev=&quot;@{revid}&quot;"/>
				<param name="dsrel" value="${CR_IMP_RELATION}"/>
				<param name="dsname" value="${new_dsname}"/>
				<param name="dstype" value="${CR_IMP_DSTYPE}"/> 
				<param name="dsnamedref" value="${CR_IMP_NAMEDREF}"/>
				<param name="options" value="${CR_IMP_OPTIONS}"/>
			</antcall>

			<!-- save externally? -->
			<antcall target="@{savetarget}">
				<param name="inputpath" value="@{filepath}"/>
				<param name="pattern1" value="${CR_SAVE_PATTERN1}"/>
				<param name="pattern2" value="${CR_SAVE_PATTERN2}"/>
				<param name="pattern3" value="${CR_SAVE_PATTERN3}"/>
				<param name="outputpath" value="${CR_SAVE_PATH}"/>
			</antcall>
		</sequential>
	</macrodef>

	<macrodef name="processMultiFile">
		<attribute name="dspattern" default="${CR_DS_NAME}"/>
		<attribute name="filepattern" default="${CR_FILE_NAME}"/>
		<attribute name="dssyntax" default="${CR_DS_SYNTAX}"/>
		<attribute name="filesyntax" default="${CR_FILE_SYNTAX}"/>
		<attribute name="sheetmode" default="${CR_DS_SHEET_MODE}"/>
		<attribute name="itemid" default="${src.iid}"/>
		<attribute name="revid" default="${src.irv}"/>
		<attribute name="dsname" default="${src.obj}"/>
		<attribute name="langs" default="${CR_NX_EXPORT_LANGS}"/>
		<attribute name="filepath" default="${resultdir}"/>
		<attribute name="filename"/>
		<attribute name="allfiles"/>
		<attribute name="fileprefix" default="${cur.timestamp}"/>
		<attribute name="fileext" default="${CR_NX_EXPORT_EXT}"/>
		<attribute name="outputext" default="${CR_CONV_EXT}"/>
		<attribute name="max" default="X"/>
		<attribute name="dscustom" default="${CR_DS_CUST_TARGET}"/>
		<attribute name="filecustom" default="${CR_FILE_CUST_TARGET}"/>
		<attribute name="dsseparator" default="${CR_DS_SEPARATOR}"/>
		<attribute name="fileseparator" default="${CR_FILE_SEPARATOR}"/>
		<attribute name="options" default="${CR_CONV_OPTIONS}"/>
		<attribute name="reimporttarget" default="${CR_IMP_TARGET}"/>
		<sequential>
			<local name="cur_sheet"/>
			<local name="cur_lang"/>
			<local name="cur_format"/>
			<local name="new_dsname"/>
			<local name="new_filename"/>
			<editString string="@{dspattern}" dest="cur_pattern" pattern='\%ITEM_ID\%' replace="@{itemid}" flags="gi"/>
			<editString string="${cur_pattern}" dest="cur_pattern" pattern='\%REV_ID\%' replace="@{revid}" flags="gi"/>
			<editString string="${cur_pattern}" dest="cur_pattern" pattern='\%SHEET_NO\%' replace="(\\\\w+)" flags="gi"/>
			<determineSheet itemid="@{itemid}" revid="@{revid}" dsname="@{dsname}" mode="@{sheetmode}" dspattern="${cur_pattern}" filepattern="@{filepattern}" 
				filename="@{filename}" sheetproperty="cur_sheet" langproperty="cur_lang" formatproperty="cur_format" 
				fileprefix="@{fileprefix}" fileext="@{fileext}" langs="@{langs}"/>
			<echo message="cur_sheet: ${cur_sheet}; cur_lang: ${cur_lang}; cur_format: ${cur_format}"/>
			<!-- now we have all possible inputs: generate new file and dataset names (multi-page: no sheet and no lang) -->
			<generateFileName ext="@{outputext}" pattern="@{filesyntax}" customtarget="@{filecustom}" itemid="@{itemid}" revid="@{revid}" 
				dsname="@{dsname}" lang="" sheet="" max="@{max}" separator="@{fileseparator}" property="new_filename"/>
			<generateDatasetName pattern="@{dssyntax}" customtarget="@{dscustom}" itemid="@{itemid}" revid="@{revid}" 
				dsname="@{dsname}" lang="" sheet="" max="@{max}" separator="@{dsseparator}" property="new_dsname"/>
			<echo message="CR_FILE_SYNTAX=@{filesyntax}: ${new_filename}"/>
			<echo message="CR_DS_SYNTAX=@{dssyntax}: ${new_dsname}"/>

			<!-- convert to TIF/PDF/... ? -->
			<antcall target="${CR_CONV_TARGET}">
				<param name="prog1" value="${CR_CONV_PROG}"/>
				<param name="prog2" value="${CR_CONV_PROG2}"/>
				<param name="options" value="@{options}"/>
				<param name="format" value="${cur_format}"/>
				<param name="inputfiles" value="@{allfiles}"/>
				<param name="outputfile" value="@{filepath}${file.separator}${new_filename}"/>
			</antcall>

			<!-- reimport? -->
			<antcall target="@{reimporttarget}">
				<param name="prog" value="${CR_IMP_PROG}"/>
				<param name="file" value="@{filepath}${file.separator}${new_filename}"/>
				<param name="object" value="-item=&quot;@{itemid}&quot; -rev=&quot;@{revid}&quot;"/>
				<param name="dsrel" value="${CR_IMP_RELATION}"/>
				<param name="dsname" value="${new_dsname}"/>
				<param name="dstype" value="${CR_IMP_DSTYPE}"/> 
				<param name="dsnamedref" value="${CR_IMP_NAMEDREF}"/>
				<param name="options" value="${CR_IMP_OPTIONS}"/>
			</antcall>

			<!-- save externally? -->
			<antcall target="${CR_SAVE_TARGET}">
				<param name="inputpath" value="@{filepath}"/>
				<param name="pattern1" value="${CR_SAVE_PATTERN1}"/>
				<param name="pattern2" value="${CR_SAVE_PATTERN2}"/>
				<param name="pattern3" value="${CR_SAVE_PATTERN3}"/>
				<param name="outputpath" value="${CR_SAVE_PATH}"/>
			</antcall>
		</sequential>
	</macrodef>

	<macrodef name="countDatasets">
		<attribute name="prog" default="${CR_DS_COUNT_PROG}"/>
		<attribute name="login" default=""/>
		<attribute name="itemid" />
		<attribute name="revid" />
		<attribute name="type"  default="UGPART"/>
		<attribute name="relation" default="IMAN_specification"/>
		<attribute name="property" default="sheetCount"/>
		<attribute name="default" default="0"/>
		<sequential>
			<local name="CR_DS_COUNT"/>
			<local name="propfile"/>
			<property name="propfile" value="${resultdir}${file.separator}ds_count.properties"/>

			<condition property="ds_count">
				<and>
					<equals arg1="${CR_DS_SHEET_MODE}" arg2="number" casesensitive="false"/>
					<or>
						<equals arg1="${CR_DS_SYNTAX}" arg2="4" casesensitive="false"/>
						<equals arg1="${CR_FILE_SYNTAX}" arg2="4" casesensitive="false"/>
					</or>
				</and>
			</condition>

			<!-- run prog and read in properties file for number of dataset (only if using mode=number AND CR_*_SYNTAX=4 !)  -->
			<antcall target="run_count_programm">
				<param name="prog" value="@{prog}"/>
				<param name="login" value="@{login}"/>
				<param name="itemid" value="@{itemid}"/>
				<param name="revid" value="@{revid}"/>
				<param name="type" value="@{type}"/>
				<param name="relation" value="@{relation}"/>
				<param name="property" value="CR_DS_COUNT"/>
				<param name="propfile" value="${propfile}"/>
			</antcall>

			<property file="${propfile}"/>
			<property name="CR_DS_COUNT" value="@{default}"/><!-- use given default if we skipped the count-program -->
			<updateProperty property="@{property}" newvalue="${CR_DS_COUNT}"/>
		</sequential>
	</macrodef>

	<target name="run_count_programm" if="ds_count">
		<local name="tcpb_output"/>
		<delete quiet="true" file="${propfile}"/>
		<echo message='${prog} -id="${itemid}" -rev="${revid}" -relation=${relation} -type=${type} -output_prefix="${property}=" -output_file="${propfile}"' />
		<exec executable="${prog}" failonerror="false" outputproperty="tcpb_output" vmlauncher="false">
			<env key="PATH" path="${env.TC_PATH}"/>
			<arg line='${login} -id="${itemid}" -rev="${revid}" -relation=${relation} -type=${type} -output_prefix="${property}=" -output_file="${propfile}"' />
		</exec>
		<echo message="${tcpb_output}"/>
	</target>
</project>