<?xml version="1.0" encoding="UTF-8"?>	

<!--
	Processes given PLMXML (if any) into a PDF
	Input file is in "${inputdir}/${plmxml}"
-->
<project name="report_example" default="pdf_stueli" basedir=".">
	<!-- check input ENV variables and make dummy ANT properties which can be overwritten by caller -->
	<property environment="env"/>

	<import file="cr_helper.xml" optional="true"/>

	<target name="pdf_stueli" depends="init">
		<basename property="plmxml.basename" file="${inputdir}/${plmxml}" suffix="_plmxml.xml"/>
		<xslt processor="trax" 
			in="${inputdir}/${plmxml}" out="${resultdir}/${plmxml.basename}_fop.xml" style="${CR_FOP_XSLT}" >
			  <param name="logo_file" expression="file:///${CR_XSLT_DIR}/SiemensClrLogo126.jpg"/>
		</xslt>

		<!-- delete existing PDF to avoid problems if re-creating -->
		<delete quiet="true" file="${resultdir}/BOM-${src.iid}_${src.irv}.pdf"/>

		<!-- Use fop to Produce PDF -->
		<java classname="org.apache.fop.cli.Main" output="${resultdir}/fop.log" fork="true" failonerror="true" maxmemory="256m">
			<arg value="-fo"/>
			<arg value="${resultdir}/${plmxml.basename}_fop.xml"/>
			<arg value="-pdf"/>
			<arg value="${resultdir}/BOM-${src.iid}-${src.irv}.pdf"/>
		</java>

		<!-- since COTS dispatcher is very dataset-centric, we need to re-import the file ourselves -->
		<TCPBImportFile file="${resultdir}${file.separator}BOM-${src.iid}-${src.irv}.pdf" login="${tc.login}" object="-item=&quot;${src.iid}&quot; -rev=&quot;${src.irv}&quot;" dsrel="${CR_IMP_RELATION}" 
			dsname="BOM-${src.iid}-${src.irv}" dstype="${CR_IMP_DSTYPE}" dsnamedref="${CR_IMP_NAMEDREF}" options="${CR_IMP_OPTIONS}"/>
		</target>

</project>
