<?xml version="1.0" encoding="UTF-8"?>

<!--
	2D conversions for SolidEdge
-->
<project name="se2d" default="se_2d" basedir=".">
	<!-- check input ENV variables and make dummy ANT properties which can be overwritten by caller -->
	<property environment="env"/>
	<property name="iid" value=""/>
	<property name="irv" value=""/>

	<import file="cr_helper.xml" optional="true"/>
	<import file="nx_helper.xml" optional="true"/>
	<import file="se_helper.xml" optional="true"/>

	<target name="se_2d" depends="init">
		<local name="logic"/>
		<local name="sheetCount"/>
		<property name="sheetCount" value="0"/>
		<curtask property="logic"/>

		<!-- add entry to protocol file -->
		<echo file="${protocol.path}" append="true" message='${line.separator}"${cur.datetime}";"${taskid}";"${logic}";"${typ}";"${iid}";"${irv}";"${rel}";"${obj}";'/>
		<debug message="Processing ${iid}/${irv}${line.separator}"/>
		<debug message="SolidEdge 2D Conversions"/>
		
		<!-- evaluate on/off switches -->
		<SetSEConditions/>
		
		<!-- generate stamp_info.txt (optionally) -->
		<antcall target="stampinfo"/>

		<!-- remove existing results-files (pdf,tif) as well as *.txt, *.log, *.dft, *.par and *.asm-->
		<delete quiet="true">
			<fileset dir="${resultdir}" includes="**/*${CR_CONV_EXT}"/>
			<fileset dir="${resultdir}" includes="**/*.dft"/>
			<fileset dir="${resultdir}" includes="**/*.par"/>
			<fileset dir="${resultdir}" includes="**/*.asm"/>
			<fileset dir="${resultdir}" includes="**/*.txt"/>
			<fileset dir="${resultdir}" includes="**/*.log"/>
		</delete>

		<!-- export DFT, keeping current file name-->
		<dirname file="${resultdir}${file.separator}junk.txt" property="resultdir_norm"/>
		<TCPBExportFile file="${resultdir_norm}" login="${tc.login}" object='-item="${src.iid}" -rev="${src.irv}"' dsrel="${src.rel}" 
			dsname="${src.obj}" dstype="${src.typ}" dsnamedref="${CR_EXP_DFT_NAMEDREF}" options="-export=y -replace"/>
		<getFirstFileName property="dft_file">
			<fileset dir="${resultdir}">
				<include name="*.dft"/>
			</fileset>
		</getFirstFileName>

		<!-- maybe export PAR and ASM too -->
		<antcall target="export_se_master_asm"/>

		<!-- export attributes from TC: tcpb_sync_cadattributes-->
		<TCCADAttributes login="${tc.login}" options="${CR_TC_CADATTR_EXP_OPTIONS}" file="${resultdir}${file.separator}${cur.timestamp}_attrs.txt"/>

		<!-- update attributes in SE Draft: TCPB_SE20_32bit_UpdateAttributes-->
		<SESyncAttributes file="${resultdir}${file.separator}${dft_file}" attributes="${resultdir}${file.separator}${cur.timestamp}_attrs.txt" log="${resultdir}${file.separator}${cur.timestamp}_attrs.log"/>

		<!-- maybe reimport *.dft too -->
		<antcall target="reimport_dft"/>

		<!-- maybe re-export attributes from *.dft-->
		<antcall target="extract_dft_attributes"/>

		<!-- maybe update attributes to TC: tcpb_sync_cadattributes -->
		<antcall target="reimport_dft_attributes"/>

		<!-- before continuing, rename dft -->
		<move file="${resultdir}${file.separator}${dft_file}" failonerror="false" quiet="true" force="true" tofile="${resultdir}${file.separator}${cur.timestamp}${dft_file}"/>

		<!-- now process/convert/save/re-import exported files -->
		<convertEachFile itemid="${src.iid}" revid="${src.irv}" dsname="${src.obj}" max="${sheetCount}" 
			dssyntax="${CR_DS_SYNTAX}" filesyntax="${CR_FILE_SYNTAX}" fileseparator="${CR_FILE_SEPARATOR}" dsseparator="${CR_DS_SEPARATOR}"
			dspattern="${CR_DS_NAME}" filepattern="${CR_DS_NAME}" sheetmode="${CR_DS_SHEET_MODE}" langs="" 
			fileprefix="${cur.timestamp}" fileext=".dft" dscustom="${CR_DS_CUST_TARGET}" filecustom="${CR_FILE_CUST_TARGET}">
			<fileset dir="${resultdir}">
				<include name="${cur.timestamp}*.dft"/>
			</fileset>
		</convertEachFile>

		<!-- complete protocol with success (Error lines will have NO status) -->
		<echo file="${protocol.path}" append="true" message='"SUCCESS"'/>
	</target>

</project>
