<?xml version="1.0" encoding="UTF-8"?>

<!--
	Contains some standard helper functions for SE :
	processSingleDftFile
	SetSEConditions
	TCCADAttributes
	SESyncAttributes
	SEExtractAttributes
-->
<project name="SE_Helper" default="init" basedir=".">

	<target name="export_se_master_asm" if="se_export_master_condition">
		<!-- assumes draft and part/assembly have SAME NAME ! -->
		<TCPBExportFile file="${resultdir_norm}" login="${tc.login}" object='-item="${src.iid}" -rev="${src.irv}"' dsrel="${CR_EXP_PAR_RELATION}" 
			dsname="${src.obj}" dstype="${CR_EXP_PAR_DSTYPE}" dsnamedref="${CR_EXP_PAR_NAMEDREF}" options="-export=y -replace"  failonerror="false"/>
		<TCPBExportFile file="${resultdir_norm}" login="${tc.login}" object='-item="${src.iid}" -rev="${src.irv}"' dsrel="${CR_EXP_ASM_RELATION}" 
			dsname="${src.obj}" dstype="${CR_EXP_ASM_DSTYPE}" dsnamedref="${CR_EXP_ASM_NAMEDREF}" options="-export=y -replace" failonerror="false"/>
	</target>
	
	<target name="reimport_dft" if="reimport_dft_condition">
		<echo message='Starting DFT reimport"'/>
		<TCPBImportFile file="${resultdir}${file.separator}${dft_file}" login="${tc.login}" object="-item=&quot;${src.iid}&quot; -rev=&quot;${src.irv}&quot;" dsrel="${src.rel}" 
			dsname="${src.obj}" dstype="${src.typ}" dsnamedref="${CR_IMP_DFT_NAMEDREF}" options="${CR_IMP_DFT_OPTIONS}"/>
	</target>

	<target name="extract_dft_attributes" if="extract_dft_attrs_condition">
		<local name="my_options"/>
		<property name="my_options" value='${CR_SE_ATTREXTRACT_FILE}"${resultdir}${file.separator}${dft_file}" ${CR_SE_ATTREXTRACT_ATTR}"${CR_SE_ATTREXTRACT_DEFS}" ${CR_SE_ATTREXTRACT_EXP}"${resultdir}${file.separator}${cur.timestamp}_attrs.txt" ${CR_SE_ATTREXTRACT_LOG}"${resultdir}${file.separator}${cur.timestamp}_attrs_import.log"'/>

		<SEExtractAttributes options="${my_options}"/>
	</target>

	<target name="reimport_dft_attributes" if="reimport_dft_attrs_condition">
		<TCCADAttributes login="${tc.login}" options="${CR_TC_CADATTR_IMP_OPTIONS}" file="${resultdir}${file.separator}${cur.timestamp}_attrs.txt"/>
	</target>
	
	<target name="stampinfo" if="stampinfo_condition">
		<generateStampInfo stampfile="${CR_STAMP_FILE}"/>	
	</target>
	
	<macrodef name="processSingleDftFile">
		<attribute name="dspattern" default="${CR_DS_NAME}"/>
		<attribute name="dssyntax" default="${CR_DS_SYNTAX}"/>
		<attribute name="filepattern" default="${CR_FILE_NAME}"/>
		<attribute name="filesyntax" default="${CR_FILE_SYNTAX}"/>
		<attribute name="sheetmode" default="${CR_DS_SHEET_MODE}"/>
		<attribute name="itemid" default="${src.iid}"/>
		<attribute name="revid" default="${src.irv}"/>
		<attribute name="dsname" default="${src.obj}"/>
		<attribute name="dsrel" default="${src.rel}"/>
		<attribute name="langs" default="${CR_NX_EXPORT_LANGS}"/>
		<attribute name="filepath" default="${resultdir}"/>
		<attribute name="filename"/>
		<attribute name="fileprefix" default="${cur.timestamp}"/>
		<attribute name="fileext" default=".dft"/>
		<attribute name="outputext" default="${CR_CONV_EXT}"/>
		<attribute name="max" default="X"/>
		<attribute name="dscustom" default="${CR_DS_CUST_TARGET}"/>
		<attribute name="filecustom" default="${CR_FILE_CUST_TARGET}"/>
		<attribute name="dsseparator" default="${CR_DS_SEPARATOR}"/>
		<attribute name="fileseparator" default="${CR_FILE_SEPARATOR}"/>
		<attribute name="savetarget" default="${CR_SAVE_TARGET}"/>
		<attribute name="options" default="${CR_CONV_OPTIONS}"/>
		<sequential>
			<local name="cur_sheet"/>
			<local name="cur_lang"/>
			<local name="cur_format"/>
			<local name="new_dsname"/>
			<local name="new_filename"/>
			<local name="src_basename"/>
			<local name="output_filename"/>
			
			<basename file="@{filename}" property="src_basename" suffix="@{fileext}"/>

			<!-- FIRST convert to TIF/PDF/... ? -->
			<antcall target="${CR_CONV_TARGET}">
				<param name="prog1" value="${CR_CONV_PROG}"/>
				<param name="prog2" value="${CR_CONV_PROG2}"/>
				<param name="options" value="@{options}"/>
				<param name="format" value="${cur_format}"/>
				<param name="inputfiles" value="@{filepath}${file.separator}@{filename}"/>
				<param name="outputfile" value="@{filepath}${file.separator}${src_basename}@{outputext}"/>
			</antcall>

			<!-- if -combine was not used, we MAY have multiple outputs ${src_basename}-001.pdf, ${src_basename}-002.pdf,... -->
			<!-- force single sheet into this pattern too: from ${src_basename}.pdf to ${src_basename}-001.pdf -->
			<move file="@{filepath}${file.separator}${src_basename}@{outputext}" tofile="@{filepath}${file.separator}${src_basename}-001@{outputext}" failonerror="false" quiet="true"/>

			<!-- now count our outputs (usually max # sheets) -->
			<resourcecount property="outputCount">
				<fileset dir="@{filepath}">
					<include name="${src_basename}*@{outputext}"/>
				</fileset>
			</resourcecount>
			
			<!-- count sheets using dataset-count-prog (only if using mode=number AND CR_*_SYNTAX=4 !) -->
			<countDatasets login="${tc.login}" itemid="@{itemid}" revid="@{revid}" type="@{dstype}" relation="@{dsrel}" 
				property="sheetCount" default="${outputCount}"/><!-- if not counting datasets, use output file count -->
			<echo message="sheetCount=${sheetCount}"/>

			<!-- now ensure our output files are properly post-processed (naming, re-import) -->
			<postProcessEachFile itemid="@{itemid}" revid="@{revid}" dsname="@{dsname}" max="${sheetCount}" 
				dssyntax="@{dssyntax}" filesyntax="@{filesyntax}" fileseparator="@{fileseparator}" dsseparator="@{dsseparator}"
				dspattern="@{dspattern}" filepattern="@{filepattern}" sheetmode="@{sheetmode}" langs="@{langs}" 
				fileprefix="@{fileprefix}" fileext="@{outputext}" dscustom="@{dscustom}" filecustom="@{filecustom}">
				<fileset dir="@{filepath}">
					<include name="${src_basename}*@{outputext}"/>
				</fileset>
			</postProcessEachFile>
			
			<!-- save externally? -->
			<antcall target="@{savetarget}">
				<param name="inputpath" value="@{filepath}"/>
				<param name="pattern1" value="${CR_SAVE_PATTERN1}"/>
				<param name="pattern2" value="${CR_SAVE_PATTERN2}"/>
				<param name="pattern3" value="${CR_SAVE_PATTERN3}"/>
				<param name="outputpath" value="${CR_SAVE_PATH}"/>
			</antcall>
		</sequential>
	</macrodef>

	<scriptdef name="postProcessEachFile" language="javascript">
		<attribute name="itemid"/>
		<attribute name="revid"/>
		<attribute name="dsname"/>
		<attribute name="max"/>
		<attribute name="dspattern"/>
		<attribute name="dssyntax"/>
		<attribute name="filepattern"/>
		<attribute name="filesyntax"/>
		<attribute name="sheetmode"/>
		<attribute name="langs"/>
		<attribute name="fileprefix"/>
		<attribute name="fileext"/>
		<attribute name="dscustom"/>
		<attribute name="filecustom"/>
		<attribute name="dsseparator"/>
		<attribute name="fileseparator"/>
		<element name="fileset" type="fileset"/>
		<![CDATA[
		var datasetlist_prop = attributes.get('datasetlist');
		var filelist_prop = attributes.get('filelist');
		var itemid = attributes.get('itemid');
		var revid = attributes.get('revid');
		var dsname = attributes.get('dsname');
		var max = attributes.get('max');
		var pattern = attributes.get('dspattern') != undefined ? attributes.get('dspattern') : project.getProperty('CR_DS_NAME');
		var dssyntax = attributes.get('dssyntax') != undefined ? attributes.get('dssyntax') : project.getProperty('CR_DS_SYNTAX');
		var filepattern = attributes.get('filepattern') != undefined ? attributes.get('filepattern') : project.getProperty('CR_FILE_NAME');
		var filesyntax = attributes.get('filesyntax') != undefined ? attributes.get('filesyntax') : project.getProperty('CR_FILE_SYNTAX');
		var sheetmode = attributes.get('sheetmode') != undefined ? attributes.get('sheetmode') : project.getProperty('CR_DS_SHEET_MODE');
		var langs = attributes.get('langs') != undefined ? attributes.get('langs') : project.getProperty('CR_NX_EXPORT_LANGS');
		var fileprefix = attributes.get('fileprefix') != undefined ? attributes.get('fileprefix') : project.getProperty('cur.timestamp');
		var fileext = attributes.get('fileext') != undefined ? attributes.get('fileext') : project.getProperty('CR_NX_EXPORT_EXT');
		var dscustom = attributes.get('dscustom') != undefined ? attributes.get('dscustom') : project.getProperty('CR_DS_CUST_TARGET');
		var filecustom = attributes.get('filecustom') != undefined ? attributes.get('filecustom') : project.getProperty('CR_FILE_CUST_TARGET');
		var dsseparator = attributes.get('dsseparator') != undefined ? attributes.get('dsseparator') : project.getProperty('CR_DS_SEPARATOR');
		var fileseparator = attributes.get('fileseparator') != undefined ? attributes.get('fileseparator') : project.getProperty('CR_FILE_SEPARATOR');
		var filename = "";

		try{
			load("nashorn:mozilla_compat.js");
		}catch(e){
		}
		importClass(java.io.File);
		filesets = elements.get("fileset");
		for (i = 0; i < filesets.size(); ++i) 
		{
			fileset = filesets.get(i);
			var filepath = fileset.getDir();
			scanner = fileset.getDirectoryScanner(project);
			scanner.scan();
			files = scanner.getIncludedFiles();
			for( j=0; j < files.length; j++) 
			{
				filename = files[j];
				echo_task = project.createTask("echo");        
				echo_task.setMessage("cur_output:" + filename );
				echo_task.execute();
				//carry out post-processing for this single file
				file_task = project.createTask("processSingleOutputFile");
				file_task.setOwningTarget( self.getOwningTarget() );
				file_task.setDynamicAttribute('itemid',itemid);
				file_task.setDynamicAttribute('itemid',itemid);
				file_task.setDynamicAttribute('dsname',dsname);
				file_task.setDynamicAttribute('max',max);
				file_task.setDynamicAttribute('dspattern',pattern);
				file_task.setDynamicAttribute('dssyntax',dssyntax);
				file_task.setDynamicAttribute('filepattern',filepattern);
				file_task.setDynamicAttribute('filesyntax',filesyntax);
				file_task.setDynamicAttribute('sheetmode',sheetmode);
				file_task.setDynamicAttribute('langs',langs);
				file_task.setDynamicAttribute('dscustom',dscustom);
				file_task.setDynamicAttribute('filecustom',filecustom);
				file_task.setDynamicAttribute('dsseparator',dsseparator);
				file_task.setDynamicAttribute('fileseparator',fileseparator);
				file_task.setDynamicAttribute('filename',filename);
				file_task.setDynamicAttribute('fileprefix',fileprefix);
				file_task.setDynamicAttribute('fileext',fileext);
				file_task.setDynamicAttribute('filepath',filepath);
				file_task.execute();
			}
		}
		]]>
	</scriptdef>

	<macrodef name="processSingleOutputFile">
		<attribute name="dspattern" default="${CR_DS_NAME}"/>
		<attribute name="filepattern" default="${CR_FILE_NAME}"/>
		<attribute name="dssyntax" default="${CR_DS_SYNTAX}"/>
		<attribute name="filesyntax" default="${CR_FILE_SYNTAX}"/>
		<attribute name="sheetmode" default="${CR_DS_SHEET_MODE}"/>
		<attribute name="itemid" default="${src.iid}"/>
		<attribute name="revid" default="${src.irv}"/>
		<attribute name="dsname" default="${src.obj}"/>
		<attribute name="dsrel" default="${src.rel}"/>
		<attribute name="langs" default="${CR_NX_EXPORT_LANGS}"/>
		<attribute name="filepath" default="${resultdir}"/>
		<attribute name="filename"/>
		<attribute name="fileprefix" default="${cur.timestamp}"/>
		<attribute name="fileext" default="${CR_CONV_EXT}"/>
		<attribute name="max" default="X"/>
		<attribute name="dscustom" default="${CR_DS_CUST_TARGET}"/>
		<attribute name="filecustom" default="${CR_FILE_CUST_TARGET}"/>
		<attribute name="dsseparator" default="${CR_DS_SEPARATOR}"/>
		<attribute name="fileseparator" default="${CR_FILE_SEPARATOR}"/>
		<sequential>
			<editString string="@{dspattern}" dest="cur_pattern" pattern='\%ITEM_ID\%' replace="@{itemid}" flags="gi"/>
			<editString string="${cur_pattern}" dest="cur_pattern" pattern='\%REV_ID\%' replace="@{revid}" flags="gi"/>
			<editString string="${cur_pattern}" dest="cur_pattern" pattern='\%SHEET_NO\%' replace="(\\\\w+)" flags="gi"/>
			<determineSheet itemid="@{itemid}" revid="@{revid}" dsname="@{dsname}" mode="@{sheetmode}" dspattern="${cur_pattern}" filepattern="@{filepattern}"
				filename="@{filename}" sheetproperty="cur_sheet" langproperty="cur_lang" formatproperty="cur_format" 
				fileprefix="@{fileprefix}" fileext="@{fileext}" langs="@{langs}"/>
			<echo message="mode: @{sheetmode} cur_pattern: ${cur_pattern} cur_sheet: ${cur_sheet}; cur_lang: ${cur_lang}; cur_format: ${cur_format}"/>
			<!-- now we have all possible inputs: generate new file and dataset names -->
			<generateFileName ext="@{fileext}" pattern="@{filesyntax}" customtarget="@{filecustom}" itemid="@{itemid}" revid="@{revid}" 
				dsname="@{dsname}" lang="${cur_lang}" sheet="${cur_sheet}" max="@{max}" separator="@{fileseparator}" property="new_filename"/>
			<generateDatasetName pattern="@{dssyntax}" customtarget="@{dscustom}" itemid="@{itemid}" revid="@{revid}" 
				dsname="@{dsname}" lang="${cur_lang}" sheet="${cur_sheet}" max="@{max}" separator="@{dsseparator}" property="new_dsname"/>
			<echo message="CR_FILE_SYNTAX=@{filesyntax}: ${new_filename}"/>
			<echo message="CR_DS_SYNTAX=@{dssyntax}: ${new_dsname}"/>

			<!-- rename output to match new syntax -->
			<move file="@{filepath}/@{filename}" tofile="@{filepath}/${new_filename}" />

			<!-- reimport? -->
			<antcall target="${CR_IMP_TARGET}">
				<param name="prog" value="${CR_IMP_PROG}"/>
				<param name="file" value="@{filepath}${file.separator}${new_filename}"/>
				<param name="object" value="-item=&quot;@{itemid}&quot; -rev=&quot;@{revid}&quot;"/>
				<param name="dsrel" value="${CR_IMP_RELATION}"/>
				<param name="dsname" value="${new_dsname}"/>
				<param name="dstype" value="${CR_IMP_DSTYPE}"/> 
				<param name="dsnamedref" value="${CR_IMP_NAMEDREF}"/>
				<param name="options" value="${CR_IMP_OPTIONS}"/>
			</antcall>
		</sequential>
	</macrodef>

	<macrodef name="SetSEConditions">
		<sequential>
			<condition property="conv_condition">
				<and>
					<isset property="CR_CONV"/>
					<equals arg1="${CR_CONV}" arg2="on" casesensitive="false"/>
				</and>
			</condition>
			<condition property="stampinfo_condition">
				<and>
					<isset property="CR_STAMP_FILE"/>
					<isset property="CR_STAMP_INFO"/>
					<equals arg1="${CR_STAMP_INFO}" arg2="on" casesensitive="false"/>
				</and>
			</condition>
			<condition property="save_condition">
				<and>
					<isset property="CR_SAVE"/>
					<equals arg1="${CR_SAVE}" arg2="on" casesensitive="false"/>
				</and>
			</condition>
			<condition property="se_export_master_condition">
				<and>
					<isset property="CR_EXP_MASTER_ASM"/>
					<equals arg1="${CR_EXP_MASTER_ASM}" arg2="on" casesensitive="false"/>
				</and>
			</condition>
			<condition property="reimport_condition">
				<and>
					<isset property="CR_IMP"/>
					<equals arg1="${CR_IMP}" arg2="on" casesensitive="false"/>
				</and>
			</condition>
			<condition property="reimport_dft_condition">
				<and>
					<isset property="CR_IMP_DFT"/>
					<equals arg1="${CR_IMP_DFT}" arg2="on" casesensitive="false"/>
				</and>
			</condition>
			<condition property="extract_dft_attrs_condition">
				<and>
					<isset property="CR_SE_ATTREXTRACT_PROG"/>
					<length string="${CR_SE_ATTREXTRACT_PROG}" when="gt" length="0" />
				</and>
			</condition>
			<condition property="reimport_dft_attrs_condition">
				<and>
					<isset property="CR_TC_CADATTR_IMP"/>
					<equals arg1="${CR_TC_CADATTR_IMP}" arg2="on" casesensitive="false"/>
				</and>
			</condition>
		</sequential>
	</macrodef>

	<macrodef name="TCCADAttributes">
		<attribute name="login" default=""/>
		<attribute name="prog" default="${CR_TC_CADATTR_PROG}"/>
		<attribute name="options" default="${CR_TC_CADATTR_EXP_OPTIONS}"/>
		<attribute name="item" default="${src.iid}"/>
		<attribute name="rev" default="${src.irv}"/>
		<attribute name="dsrel" default="${src.rel}"/>
		<attribute name="dstype" default="${src.typ}"/>
		<attribute name="dsname" default="${src.obj}"/>
		<attribute name="file" default="test.txt"/>
		<sequential>
			<!-- export/import attributes from/to TC -->
			<local name="attr_output"/>
			<echo message='@{prog} @{options} -item="@{item}" -rev="@{rev}" -rel=@{dsrel} -type="@{dstype}" -d="@{dsname}" -f="@{file}"'/>
			<exec executable="@{prog}" failonerror="true" outputproperty="attr_output">
				<env key="PATH" path="${env.TC_PATH}"/>
				<arg line='@{login} @{options} -item="@{item}" -rev="@{rev}" -rel=@{dsrel} -type="@{dstype}" -d="@{dsname}" -f="@{file}"' />
			</exec>
			<echo message="${attr_output}"/>
		</sequential>
	</macrodef>

	<macrodef name="SESyncAttributes">
		<attribute name="prog" default="${CR_SE_ATTRSYNC_PROG}"/>
		<attribute name="file" default="test.dft"/>
		<attribute name="attributes" default="test.txt"/>
		<attribute name="log" default="test.log"/>
		<sequential>
			<local name="attr_retcode"/>
			<local name="attr_output"/>
			<!-- update SE *.dft file with exported attributes -->
			<touch file="@{file}.timestamp"/>
			<echo message='@{prog} -file="@{file}" -attributes="@{attributes}" -log="@{log}"'/>
			<exec executable="@{prog}" failonerror="false" resultproperty="attr_retcode" outputproperty="attr_output">
				<env key="PATH" path="${env.TC_PATH}"/>
				<arg line='-file="@{file}" -attributes="@{attributes}" -log="@{log}"' />
			</exec>
			<echo message="@{prog} returned: ${attr_retcode}"/>
			<echo message="${attr_output}"/>
			<!-- handle failure code where *.dft has been updated - if not updated FAIL -->
			<condition property="attr_fail_condition">
				<and>
					<isfailure code="${attr_retcode}"/>
					<uptodate srcfile="@{file}" targetfile="{file}.timestamp"/>
				</and>
			</condition>
			<fail message="@{prog} returned ${attr_retcode} AND *.dft was not updated!" if="attr_fail_condition"/>
		</sequential>
	</macrodef>
	
	<macrodef name="SEExtractAttributes">
		<attribute name="prog" default="${CR_SE_ATTREXTRACT_PROG}"/>
		<attribute name="options" default="${CR_SE_ATTREXTRACT_OPTIONS}"/>
		<sequential>
			<local name="attr_retcode"/>
			<local name="attr_output"/>
			<!-- extract attributes from SE *.dft file -->
			<echo message='@{prog} @{options}'/>
			<exec executable="@{prog}" failonerror="true" outputproperty="attr_output">
				<env key="PATH" path="${env.TC_PATH}"/>
				<arg line='@{options}' />
			</exec>
			<echo message="${attr_output}"/>
		</sequential>
	</macrodef>
</project>
