<?xml version="1.0" encoding="UTF-8"?>

<!--
	Unit test for set decision
-->
<project name="set_decision" default="set_decision" basedir=".">
	<!-- check input ENV variables and make dummy ANT properties which can be overwritten by caller -->
	<property environment="env"/>

	<import file="cr_helper.xml" optional="true"/>

	<target name="set_decision" depends="init">
		<!-- add entry to protocol file -->
		<echo file="${protocol.path}" append="true" message='${line.separator}"${cur.datetime}";"${taskid}";"SET-DECISION";;;;;;'/>
		<debug message="Processing ${taskid}: JOB/TASK=${priobjuid}${line.separator}"/>
		<debug message='    -d=${decision} -c="${comment}" -l=any'/>
		
		<echo message='-uid=${priobjuid} -d=${decision}" -c="${comment}" level="any' />
		<!-- Test Set Decision -->
		<SetDecision login="${tc.login}" job='-uid=${priobjuid}' decision="${decision}" comment="${comment}" level="any"/>
		
		<!-- complete protocol with success (Error lines will have NO status -->
		<echo file="${protocol.path}" append="true" message='"SUCCESS"'/>
	</target>

</project>
